Region Name,sun,wind,curtail,Amount,Percentage,Regulation Hours
MIDW,sun0.1,wnd0.3,0.06,29323687.689688325,0.0381553345227131,8760.0
TEN,sun1,wnd0.3,0.02,1027726.2282324733,0.0104272844096855,2698.0
SE,sun0.5,wnd0.5,0.14,3269448.9025209844,0.0170752064260222,7763.0
SW,sun0.1,wnd0.5,0.14,3886874.2103293687,0.0469358743895488,7621.0
NY,sun1,wnd1,0.14,2276184.508323401,0.029584179576922,7534.0
NW,sun0.3,wnd0.3,0.02,14538184.812214226,0.0587466126944398,8760.0
MIDA,sun0.3,wnd1,0.06,21499436.767260198,0.039185670026237,8760.0
MIDW,sun0.5,wnd0.3,0.14,30842802.59885156,0.040131973278075,8760.0
MIDW,sun0.3,wnd0.3,0.02,30734283.71505105,0.0399907709041697,8760.0
SE,sun1,wnd0.5,0.1,6423855.860188603,0.033549588366148,7698.0
SE,sun0.3,wnd0.3,0.14,2077481.3508971331,0.0108499701235359,7736.0
SE,sun0.1,wnd0.1,0.06,786436.9978212416,0.0041072897846803,5345.0
CENT,sun0.3,wnd1,0.18,69315681.56941181,0.2676698393522308,8667.0
MIDA,sun1,wnd0.1,0.14,8031010.892916918,0.0146376180098908,8760.0
CAL,sun0.3,wnd1,0.18,10860806.441336662,0.0888915238442013,8418.0
SW,sun0.3,wnd0.5,0.14,4676765.602406114,0.0564741926251571,7687.0
CAL,sun0.5,wnd1,0.18,13325252.297601208,0.1090620653945138,8449.0
TEN,sun0.3,wnd0.3,0.14,531421.4844165146,0.0053917889873827,6126.0
TEX,sun0.1,wnd0.5,0.18,34007409.83505839,0.1026920767740083,8595.0
SW,sun1,wnd0.3,0.06,6566424.796149507,0.0792927356901462,6530.0
FLA,sun0.1,wnd0.1,0.06,1019122.8007990122,0.0055280745256515,3610.0
SE,sun0.3,wnd0.5,0.1,2078099.698070079,0.010853199538014,6687.0
CAL,sun0.5,wnd0.3,0.1,9918713.493581876,0.0811808553794669,8487.0
MIDW,sun0.3,wnd0.5,0.18,44531391.615282536,0.0579432628605079,8687.0
NE,sun0.1,wnd0.5,0.02,826382.9545882642,0.0145517474664507,1195.0
NY,sun1,wnd0.5,0.06,1230152.472986728,0.01598862110464,6534.0
MIDW,sun0.3,wnd0.5,0.14,46371868.64766085,0.0603380509101862,8760.0
MIDA,sun0.3,wnd0.5,0.18,10935497.548377872,0.0199314430020795,8760.0
MIDA,sun0.5,wnd0.3,0.06,9165678.820281863,0.0167057058148135,8760.0
TEN,sun0.1,wnd0.1,0.02,140091.52166211605,0.001421365048033,2470.0
FLA,sun0.1,wnd1,0.14,1098376.0028282702,0.0059579713024391,4466.0
CAL,sun0.3,wnd0.3,0.14,6957964.232888863,0.0569482613336049,8455.0
FLA,sun1,wnd0.5,0.02,9227032.92973858,0.050050617694202,3441.0
CENT,sun0.3,wnd0.1,0.14,10218106.833388,0.0394583008152062,8645.0
CAR,sun1,wnd0.1,0.18,5439458.261091888,0.0388893533102979,7323.0
SW,sun0.5,wnd0.5,0.14,5468720.946403176,0.0660374340722808,7990.0
FLA,sun0.1,wnd0.3,0.1,1063464.3199244738,0.0057685982604889,4098.0
CAR,sun0.3,wnd0.5,0.14,1938736.2662494185,0.0138609758572771,7163.0
TEN,sun0.5,wnd1,0.14,712841.5177864283,0.0072324720735935,6173.0
CAR,sun0.3,wnd0.3,0.18,1955088.6793113947,0.0139778872735466,7189.0
NW,sun0.1,wnd0.5,0.02,19195854.17258024,0.0775675522757209,8760.0
NE,sun0.1,wnd0.1,0.1,293341.12257774174,0.0051654331851547,4641.0
NE,sun1,wnd0.3,0.02,911485.4374283032,0.0160503139992917,1233.0
CAL,sun0.1,wnd0.5,0.14,5621370.278743058,0.0460087538498177,8434.0
SE,sun1,wnd0.1,0.18,6074018.494055688,0.0317225082005429,7948.0
NE,sun1,wnd0.1,0.1,659042.0226725042,0.0116050470674185,4731.0
MIDA,sun1,wnd0.1,0.06,8325635.670927048,0.0151746120464155,8760.0
CAL,sun0.5,wnd0.3,0.02,9787916.41693358,0.080110331609392,7216.0
SE,sun0.3,wnd0.5,0.18,2063198.9261032343,0.010775377934182,7824.0
CENT,sun0.3,wnd0.3,0.1,25030359.701081246,0.0966573826935223,8639.0
SE,sun1,wnd1,0.02,6631922.205102205,0.0346362472788987,3502.0
CENT,sun0.1,wnd0.5,0.18,36202872.58425087,0.1398012234650229,8653.0
TEX,sun0.1,wnd0.1,0.1,10970416.492411256,0.0331273348410131,8705.0
TEX,sun0.5,wnd0.1,0.14,18609859.272533894,0.0561961380310239,8583.0
CENT,sun1,wnd0.3,0.02,25595041.532271262,0.0988379613391841,8760.0
MIDW,sun0.3,wnd0.3,0.1,30261334.193730712,0.039375379436722,8760.0
TEN,sun0.1,wnd0.1,0.18,398000.64671611786,0.0040381045307028,6345.0
NY,sun0.3,wnd0.1,0.18,504839.7120725513,0.0065615369250171,7841.0
SW,sun0.5,wnd1,0.14,8625482.725241974,0.1041568499091909,8128.0
NE,sun1,wnd0.1,0.14,674623.4920827597,0.0118794205969732,5481.0
NW,sun0.1,wnd0.5,0.18,16919628.927090496,0.0683696692779929,8443.0
SW,sun0.5,wnd0.5,0.02,5845731.244073018,0.0705900146337955,4299.0
FLA,sun1,wnd0.1,0.14,8649014.12561065,0.0469152437981985,5697.0
FLA,sun0.5,wnd1,0.14,4443409.3589077,0.0241025890744089,5035.0
SE,sun0.3,wnd1,0.18,2063198.9261032343,0.010775377934182,7824.0
NE,sun0.1,wnd0.3,0.06,553827.4822571576,0.0097523280423926,3444.0
CAL,sun0.3,wnd1,0.14,11329365.137494266,0.0927264965726883,8402.0
CAR,sun1,wnd0.1,0.02,5752425.663507089,0.0411269106740873,3638.0
NY,sun0.5,wnd0.1,0.18,504839.7120725513,0.0065615369250171,7841.0
MIDW,sun0.1,wnd0.1,0.14,11630355.169092894,0.015133161176408,8760.0
NY,sun1,wnd0.1,0.18,504839.7120725513,0.0065615369250171,7841.0
SE,sun0.5,wnd0.5,0.06,3341682.506064892,0.0174524576778943,5565.0
TEX,sun0.5,wnd0.1,0.02,19230023.07691115,0.0580688448711054,8760.0
NW,sun0.5,wnd0.3,0.02,16859520.601907462,0.068126780599327,8760.0
NY,sun0.1,wnd0.1,0.02,262454.39110292494,0.0034111900018421,2821.0
NE,sun1,wnd0.1,0.02,605247.5824059173,0.0106577827204083,1154.0
CENT,sun1,wnd1,0.18,69654836.96090168,0.2689795237858265,8661.0
SW,sun0.1,wnd0.1,0.06,1288744.829581961,0.0155622132768515,5607.0
NW,sun1,wnd0.3,0.1,21705806.841338247,0.0877098925484227,8607.0
MIDW,sun0.1,wnd0.1,0.06,11139058.11858678,0.0144938963093676,8760.0
CAL,sun1,wnd0.5,0.18,16534001.55465138,0.1353244440340539,8549.0
SE,sun0.3,wnd0.5,0.02,2019738.648731649,0.0105483998624709,2977.0
NW,sun1,wnd0.1,0.1,15338386.534293473,0.0619801071954121,8629.0
CENT,sun0.1,wnd1,0.18,69218779.37852544,0.2672956412879521,8668.0
CAR,sun0.1,wnd0.5,0.02,628115.2956896126,0.0044907041255193,2982.0
MIDA,sun0.3,wnd0.3,0.1,7839711.005577803,0.0142889477473869,8760.0
CAL,sun0.3,wnd0.5,0.18,7885717.545055777,0.0645415653958282,8482.0
TEX,sun0.3,wnd0.1,0.06,15199850.469822764,0.0458989443468682,8760.0
FLA,sun0.5,wnd0.1,0.18,4337623.427530676,0.023528769597542,5368.0
SW,sun1,wnd0.1,0.06,5182887.05971311,0.0625858524990185,6297.0
CAR,sun1,wnd0.1,0.1,5698884.585906118,0.040744119266654,6706.0
MIDW,sun0.1,wnd0.5,0.06,47530717.73347223,0.0618459197361805,8760.0
MIDA,sun0.1,wnd0.1,0.14,3007028.2803034782,0.0054807211568897,8760.0
CAL,sun1,wnd0.5,0.14,17278703.805931255,0.1414195455611858,8486.0
MIDW,sun1,wnd0.3,0.06,35266221.26335335,0.0458876279100614,8760.0
CAR,sun0.5,wnd0.5,0.18,2957274.7546994984,0.0211430067574501,7224.0
SE,sun0.5,wnd1,0.06,3341682.506064892,0.0174524576778943,5565.0
MIDW,sun0.1,wnd1,0.18,83038543.03730726,0.1080479174855395,8650.0
TEN,sun0.5,wnd0.1,0.14,705890.4432936311,0.0071619466469787,6172.0
NE,sun0.5,wnd1,0.14,1724265.1859105453,0.0303625231029412,5880.0
CAR,sun0.1,wnd0.1,0.18,950386.9911698104,0.0067947824410173,7163.0
CENT,sun0.5,wnd0.5,0.18,36396804.51077637,0.1405501121211399,8652.0
SE,sun0.5,wnd0.5,0.02,3336830.920941025,0.0174271195184817,3187.0
CAL,sun0.1,wnd0.1,0.1,3176185.89079009,0.0259958600100081,8587.0
SE,sun0.1,wnd0.5,0.02,702845.047673732,0.0036707177975109,2667.0
CAL,sun1,wnd0.5,0.02,18540307.53840353,0.1517452869205162,7650.0
MIDA,sun0.1,wnd0.5,0.1,10400466.361768126,0.018956275337959,8760.0
FLA,sun0.1,wnd0.1,0.02,959828.0630779266,0.0052064393617202,2386.0
CAR,sun0.5,wnd0.5,0.06,2964220.3325189054,0.0211926640977215,5314.0
TEN,sun0.5,wnd0.1,0.18,735186.4310835898,0.0074591830007438,6459.0
CAL,sun0.3,wnd0.5,0.1,8511183.187652707,0.0696607611372257,8437.0
CENT,sun0.1,wnd0.3,0.1,24923904.96756965,0.096246296475048,8663.0
CAR,sun0.1,wnd0.1,0.02,628115.2956896126,0.0044907041255193,2982.0
NY,sun0.1,wnd1,0.02,2284129.566395268,0.0296874436242291,3618.0
NW,sun0.1,wnd0.5,0.14,17678317.315657258,0.071435414657805,8523.0
SW,sun0.1,wnd0.5,0.18,3745823.26267314,0.0452326163977862,8002.0
CAR,sun0.3,wnd0.5,0.1,1906908.1330051424,0.0136334209318542,6632.0
SE,sun0.3,wnd0.5,0.06,2062760.4520910385,0.0107730879353186,5454.0
CAL,sun0.1,wnd1,0.18,8400572.721025392,0.0687554570067518,8389.0
FLA,sun0.5,wnd0.5,0.02,4631068.623568028,0.0251205178261333,3013.0
CAR,sun0.3,wnd0.1,0.18,1955088.6793113947,0.0139778872735466,7189.0
CENT,sun0.1,wnd0.3,0.02,25064424.857531905,0.0967889288999247,8760.0
NW,sun0.3,wnd1,0.06,38100329.05547524,0.15395768477728,8566.0
MIDW,sun0.3,wnd0.1,0.1,12720037.008436918,0.0165510311095309,8760.0
TEX,sun1,wnd0.5,0.18,50916357.99465299,0.1537519784541044,8596.0
CENT,sun0.1,wnd0.3,0.14,23966299.208349463,0.092548400502164,8674.0
SW,sun0.3,wnd0.3,0.1,3496965.6389597207,0.0422275409733091,6773.0
NY,sun0.5,wnd0.3,0.14,871769.3717669845,0.0113306199693854,7383.0
MIDA,sun0.1,wnd0.1,0.02,2769409.667509198,0.0050476286692191,8760.0
FLA,sun1,wnd1,0.06,9077504.203707663,0.0492395221710947,4467.0
CAL,sun0.1,wnd0.3,0.1,4487518.067395359,0.0367286095598684,8663.0
TEX,sun0.1,wnd1,0.14,66644759.12690538,0.2012469857022178,8625.0
SW,sun0.5,wnd1,0.1,8974271.119599387,0.1083686374228148,7768.0
NY,sun0.3,wnd0.1,0.14,470726.951976791,0.0061181642472543,7340.0
SE,sun1,wnd0.3,0.14,6267841.646287143,0.0327347798197575,7841.0
NW,sun0.5,wnd0.5,0.02,23832339.122011278,0.0963028888466927,8760.0
CAR,sun1,wnd0.5,0.14,5599760.864227861,0.0400354351939493,7274.0
CENT,sun1,wnd0.5,0.14,38273335.42603806,0.1477965348245595,8653.0
CAR,sun1,wnd1,0.1,5698884.585906118,0.040744119266654,6706.0
NY,sun0.1,wnd1,0.06,2317939.4603014886,0.0301268798690242,6736.0
SW,sun0.3,wnd1,0.1,8149348.01644513,0.0984072944372891,7730.0
CENT,sun1,wnd0.3,0.14,24423958.73664826,0.0943157012001321,8641.0
SE,sun0.5,wnd0.5,0.18,3207648.8691735268,0.016752446120538,7869.0
SW,sun0.5,wnd0.3,0.02,4411628.95682092,0.0532725401867576,4010.0
TEX,sun1,wnd1,0.1,88053559.20332417,0.2658950771549381,8625.0
CAL,sun1,wnd0.3,0.06,17330374.579827353,0.1418424509738402,8694.0
NW,sun1,wnd0.1,0.18,14093410.320860982,0.0569493460399437,8494.0
CENT,sun1,wnd0.5,0.1,39903849.83806285,0.1540929387673113,8648.0
TEN,sun0.5,wnd0.5,0.18,738149.9280858189,0.0074892505666389,6460.0
SE,sun1,wnd0.1,0.06,6548449.158931047,0.0342002962862766,5759.0
NE,sun0.3,wnd0.1,0.1,374595.74838580936,0.0065962429431187,4674.0
NY,sun0.1,wnd0.1,0.1,424222.32335691154,0.0055137311359588,7035.0
MIDA,sun0.1,wnd0.3,0.02,6773253.774901867,0.0123451832855197,8760.0
NE,sun0.1,wnd0.5,0.14,876363.6142576113,0.0154318550892868,5620.0
CENT,sun1,wnd0.3,0.06,26184202.051115423,0.1011130670275524,8732.0
TEX,sun0.1,wnd0.5,0.02,38489778.80059511,0.1162274733293731,8760.0
NY,sun0.1,wnd0.3,0.02,711721.2144821286,0.009250431211068,3043.0
CAL,sun0.5,wnd1,0.1,14492822.730508327,0.1186181803604826,8384.0
CAL,sun0.5,wnd0.1,0.02,8348289.197091639,0.0683275364706922,7121.0
SW,sun1,wnd0.5,0.06,7950704.631890371,0.0960085800870794,6728.0
MIDA,sun0.3,wnd1,0.14,20200394.37208599,0.0368179872260575,8760.0
MIDA,sun0.3,wnd0.5,0.06,11824063.86475867,0.0215509768925277,8760.0
MIDA,sun0.1,wnd0.3,0.18,6451788.896932602,0.0117592694883587,8760.0
SW,sun0.1,wnd0.1,0.1,1335391.7619398087,0.0161254974068054,6453.0
NE,sun0.5,wnd0.3,0.18,760985.8028442487,0.0134001713939769,5976.0
NY,sun0.3,wnd0.3,0.18,882542.8357613683,0.0114706455658649,7265.0
CAL,sun1,wnd0.1,0.18,14162046.089225382,0.1159109007625517,8484.0
SE,sun0.3,wnd0.3,0.1,2078099.698070079,0.010853199538014,6687.0
NY,sun1,wnd0.1,0.06,358819.57216359675,0.004663674064991,5813.0
MIDA,sun0.1,wnd0.5,0.02,10777941.48874259,0.0196442754901889,8760.0
FLA,sun0.3,wnd0.3,0.18,2730479.3306378424,0.0148110642001954,5072.0
CENT,sun0.3,wnd1,0.06,78969817.01479286,0.3049503049733055,8719.0
NE,sun1,wnd0.3,0.18,947423.9984515086,0.0166831548165105,5998.0
MIDA,sun1,wnd0.5,0.06,16054978.985545576,0.029262399551034,8760.0
CENT,sun1,wnd0.1,0.06,10856569.787158849,0.0419237930732179,8759.0
CENT,sun0.3,wnd0.3,0.14,24068107.770421147,0.0929415450379661,8685.0
TEX,sun0.3,wnd0.5,0.02,43007116.158239245,0.1298684638368906,8760.0
FLA,sun1,wnd0.3,0.14,8649014.12561065,0.0469152437981985,5697.0
MIDW,sun0.3,wnd1,0.02,96480195.9277333,0.125537899236803,8760.0
TEX,sun0.5,wnd0.1,0.1,19291582.830245797,0.0582547366795757,8616.0
TEX,sun1,wnd0.3,0.06,44191876.34556621,0.1334460807358508,8703.0
CENT,sun1,wnd0.1,0.18,10230304.088892668,0.0395054018080487,8640.0
FLA,sun0.1,wnd0.5,0.06,1019122.8007990122,0.0055280745256515,3610.0
NW,sun0.1,wnd0.5,0.06,19085371.85155922,0.0771211098754873,8508.0
CAR,sun0.1,wnd1,0.02,628115.2956896126,0.0044907041255193,2982.0
SE,sun1,wnd1,0.18,6074018.494055688,0.0317225082005429,7948.0
TEX,sun1,wnd0.5,0.1,55635303.72032559,0.1680017651653986,8597.0
CAL,sun0.1,wnd0.3,0.06,4383861.191859871,0.0358802178982503,8760.0
MIDW,sun0.3,wnd0.1,0.18,12727279.322361112,0.0165604546483921,8728.0
CAR,sun0.5,wnd0.1,0.18,2957274.7546994984,0.0211430067574501,7224.0
CAL,sun1,wnd0.5,0.06,18695835.274497315,0.153018221627169,8630.0
FLA,sun0.3,wnd0.3,0.1,2792420.710686207,0.0151470556674264,4372.0
NW,sun0.5,wnd1,0.06,40328164.839362144,0.1629600332570477,8452.0
TEX,sun0.3,wnd0.5,0.06,42563777.576999664,0.1285297156098909,8760.0
TEX,sun0.5,wnd0.1,0.18,17864218.461613,0.0539445286384736,8582.0
NE,sun0.5,wnd1,0.1,1750788.141780071,0.0308295648706039,5278.0
CAR,sun0.3,wnd1,0.06,1855524.4764369729,0.0132660539848646,5881.0
TEX,sun0.5,wnd0.1,0.06,19578913.743709624,0.0591223890049979,8760.0
NY,sun0.3,wnd0.5,0.14,1272880.922372833,0.0165439742032396,7412.0
NW,sun0.3,wnd0.1,0.02,7567945.962399095,0.0305809285057366,8760.0
FLA,sun1,wnd0.5,0.14,8649014.12561065,0.0469152437981985,5697.0
FLA,sun0.1,wnd0.1,0.18,1125210.3789272606,0.0061035302388188,4759.0
MIDW,sun0.5,wnd0.5,0.02,50877208.690828085,0.066200299830061,8760.0
TEN,sun0.3,wnd0.5,0.14,532955.1226800531,0.005407349242552,6125.0
MIDA,sun1,wnd0.1,0.1,8193789.355701327,0.0149343040672559,8760.0
CAL,sun1,wnd0.3,0.14,16034462.358307242,0.1312359078261042,8601.0
TEX,sun0.3,wnd0.1,0.18,14089920.96150744,0.042547293432127,8562.0
FLA,sun1,wnd1,0.14,8649014.12561065,0.0469152437981985,5697.0
NE,sun0.3,wnd0.3,0.02,606683.1051805094,0.0106830607888658,1105.0
SW,sun0.3,wnd0.5,0.18,4494926.156534523,0.0542783939116785,7654.0
CAL,sun0.1,wnd1,0.06,9224128.04955566,0.0754959406456497,8635.0
NY,sun1,wnd0.1,0.14,470726.951976791,0.0061181642472543,7340.0
MIDA,sun1,wnd0.3,0.02,12405952.691562474,0.0226115490277853,8760.0
CAL,sun0.5,wnd0.1,0.14,8301591.734176382,0.0679453356957666,8411.0
FLA,sun1,wnd0.1,0.02,9227032.92973858,0.050050617694202,3441.0
NY,sun1,wnd1,0.18,2213788.504930377,0.0287732020122688,7402.0
NW,sun0.5,wnd0.1,0.02,9890299.199478269,0.0399652077620952,8760.0
CENT,sun0.3,wnd0.5,0.02,41082998.16238916,0.1586463447989438,8760.0
CAR,sun1,wnd0.5,0.1,5698884.585906118,0.040744119266654,6706.0
NW,sun0.1,wnd1,0.06,35878468.91806042,0.1449794829838717,8503.0
NY,sun0.3,wnd1,0.14,2276184.508323401,0.029584179576922,7534.0
TEN,sun1,wnd0.5,0.14,1149618.3628926575,0.0116639989358792,6278.0
FLA,sun0.5,wnd0.3,0.14,4443409.3589077,0.0241025890744089,5035.0
NW,sun0.1,wnd1,0.14,32982995.370767,0.1332793109715491,8464.0
NW,sun0.5,wnd1,0.02,41282201.34332165,0.1668151509157102,8760.0
TEX,sun0.5,wnd1,0.06,81002638.03959626,0.244603430981798,8657.0
TEX,sun0.1,wnd0.1,0.18,10328876.98072654,0.0311900798396172,8569.0
SE,sun0.5,wnd1,0.02,3336830.920941025,0.0174271195184817,3187.0
TEX,sun0.1,wnd0.1,0.02,10166795.40178281,0.0307006425661151,8760.0
SW,sun0.5,wnd1,0.18,8249708.57192947,0.0996191963849673,7593.0
NY,sun1,wnd0.3,0.14,871769.3717669845,0.0113306199693854,7383.0
NE,sun1,wnd0.5,0.14,1227368.0491244346,0.0216126794485346,5685.0
MIDW,sun0.1,wnd1,0.06,93138443.98766792,0.1211896854475135,8760.0
SW,sun1,wnd0.3,0.18,5935784.13893351,0.0716774466248681,8118.0
SE,sun0.1,wnd1,0.02,702845.047673732,0.0036707177975109,2667.0
CAL,sun0.1,wnd0.5,0.02,5414509.458556563,0.0443156775916816,7770.0
TEX,sun0.5,wnd1,0.02,82963583.83915693,0.2505248933211779,8760.0
TEN,sun0.1,wnd1,0.1,307355.9627610594,0.0031184258518284,5347.0
TEX,sun0.5,wnd0.5,0.02,47531505.11655122,0.1435307480424778,8760.0
NW,sun0.1,wnd0.1,0.02,5248374.979733944,0.0212078919199445,8760.0
CAR,sun1,wnd1,0.18,5439458.261091888,0.0388893533102979,7323.0
CAL,sun1,wnd0.1,0.06,15964861.066927597,0.1306662480236136,8698.0
SE,sun0.5,wnd0.1,0.18,3207648.8691735268,0.016752446120538,7869.0
TEN,sun1,wnd0.3,0.14,1148062.9480335414,0.01164821773592,6277.0
MIDW,sun0.3,wnd0.1,0.14,12836861.695884945,0.0167030408116278,8760.0
TEX,sun0.1,wnd0.3,0.18,22162514.84368074,0.0669240817477993,8590.0
NW,sun1,wnd1,0.14,42152529.61495763,0.1703320162294504,8463.0
CAR,sun0.1,wnd1,0.1,831508.9928877056,0.0059448653621268,7125.0
SE,sun0.1,wnd0.3,0.02,702845.047673732,0.0036707177975109,2667.0
TEX,sun0.5,wnd0.3,0.18,29671161.02430928,0.0895979188259487,8626.0
FLA,sun0.3,wnd0.5,0.14,2767816.5058658123,0.0150135939513458,4761.0
CAL,sun1,wnd1,0.18,19500474.279843062,0.1596038824356921,8507.0
NY,sun1,wnd0.5,0.02,1161081.7318435758,0.0150908901860708,3245.0
MIDA,sun0.3,wnd0.1,0.18,4101403.633277178,0.0074753702228493,8760.0
CAL,sun1,wnd0.1,0.02,15662640.040928572,0.1281926851547862,7509.0
TEX,sun0.1,wnd1,0.02,73963048.85765043,0.2233460039611548,8760.0
NE,sun0.3,wnd0.1,0.02,300652.04041387886,0.0052941708720936,1043.0
CAR,sun0.1,wnd0.1,0.06,745881.5871268511,0.0053326730672622,5868.0
TEX,sun0.3,wnd0.1,0.1,15124970.156294525,0.0456728284814436,8674.0
SW,sun0.1,wnd0.1,0.14,1352262.605254948,0.0163292209491266,7420.0
MIDA,sun1,wnd1,0.06,25728410.973305047,0.0468935551016217,8760.0
TEX,sun1,wnd0.3,0.1,42692654.72433728,0.1289188855576464,8581.0
NE,sun0.3,wnd1,0.06,1681527.6482383087,0.0296099593525742,4052.0
SE,sun0.1,wnd0.1,0.14,889909.3346658945,0.0046476901896669,7705.0
NE,sun0.1,wnd0.3,0.02,519798.2070356086,0.0091531077695869,1084.0
NY,sun0.5,wnd0.5,0.06,1230152.472986728,0.01598862110464,6534.0
NY,sun0.1,wnd0.3,0.14,871769.3717669845,0.0113306199693854,7383.0
CENT,sun0.5,wnd0.3,0.14,24169654.63653693,0.0933336790071418,8647.0
MIDW,sun1,wnd0.1,0.14,17067255.345359802,0.0222075355588978,8760.0
MIDW,sun0.1,wnd1,0.1,90419629.6746347,0.1176520243348765,8760.0
TEN,sun0.5,wnd0.3,0.14,707436.9347032905,0.0071776373098446,6173.0
FLA,sun0.5,wnd0.3,0.02,4631068.623568028,0.0251205178261333,3013.0
SE,sun0.5,wnd0.3,0.06,3341682.506064892,0.0174524576778943,5565.0
TEX,sun0.1,wnd0.5,0.06,38245715.39554685,0.1154904757735315,8710.0
CENT,sun0.5,wnd0.5,0.1,39637694.02949098,0.1530651499479551,8651.0
MIDA,sun0.3,wnd0.5,0.14,11260460.237735868,0.0205237320398748,8760.0
CAL,sun1,wnd0.1,0.1,15408955.676112875,0.1261163761913847,8387.0
NE,sun1,wnd1,0.02,1985006.8707815856,0.0349539139722153,1611.0
TEX,sun1,wnd1,0.02,94256550.8237049,0.2846262329471086,8760.0
TEX,sun0.3,wnd0.3,0.18,25910466.293392062,0.0782417598622386,8594.0
TEX,sun0.1,wnd0.3,0.1,24015069.473751307,0.0725182355872701,8689.0
NE,sun0.1,wnd1,0.14,1569015.751489058,0.0276287414446102,5867.0
MIDW,sun0.1,wnd0.5,0.02,48129090.094786525,0.0626245086318439,8760.0
SW,sun0.5,wnd0.1,0.1,3004398.248429984,0.0362795529708024,6733.0
CAR,sun0.3,wnd0.3,0.06,1855524.4764369729,0.0132660539848646,5881.0
MIDW,sun0.5,wnd0.5,0.18,45672478.812390685,0.0594280203093657,8714.0
SE,sun0.5,wnd0.3,0.1,3314822.666988611,0.0173121779823029,6760.0
MIDW,sun1,wnd0.1,0.02,16794060.19762957,0.0218520600688456,8760.0
NY,sun0.5,wnd0.3,0.06,792819.5382762849,0.0103044878421277,5911.0
FLA,sun0.3,wnd0.5,0.18,2730479.3306378424,0.0148110642001954,5072.0
TEN,sun0.3,wnd0.5,0.1,486681.3315582872,0.0049378565240769,5409.0
TEX,sun0.3,wnd0.5,0.1,41156983.51485187,0.1242816236635772,8582.0
MIDA,sun0.5,wnd1,0.06,22706677.648135185,0.0413860319851229,8760.0
TEN,sun0.5,wnd1,0.1,673754.4449747801,0.0068358956179647,5427.0
MIDA,sun0.1,wnd0.1,0.18,3035012.148622155,0.0055317255921157,8760.0
NE,sun0.1,wnd0.1,0.14,322955.20619635284,0.0056869065092059,5399.0
NY,sun0.1,wnd1,0.18,2213788.504930377,0.0287732020122688,7402.0
MIDA,sun0.5,wnd0.3,0.14,8804353.082558632,0.0160471401377828,8760.0
FLA,sun0.1,wnd0.5,0.14,1098376.0028282702,0.0059579713024391,4466.0
NW,sun0.1,wnd0.3,0.06,12376058.896294862,0.0500097878831049,8604.0
TEN,sun0.3,wnd1,0.14,536806.4654805064,0.0054464248695394,6124.0
TEX,sun1,wnd0.1,0.18,27357451.144616663,0.0826112158176757,8588.0
TEX,sun0.5,wnd0.3,0.14,30994434.66912651,0.0935938044104634,8632.0
SE,sun0.5,wnd0.1,0.02,3336830.920941025,0.0174271195184817,3187.0
FLA,sun0.5,wnd0.5,0.18,4337623.427530676,0.023528769597542,5368.0
TEX,sun1,wnd1,0.14,84252676.13440719,0.254417561583615,8660.0
MIDW,sun0.5,wnd0.5,0.14,47570841.74032855,0.0618981282073726,8734.0
SW,sun1,wnd1,0.18,10123842.27453813,0.1222502616818827,7678.0
CAR,sun0.5,wnd0.1,0.06,2964220.3325189054,0.0211926640977215,5314.0
NY,sun1,wnd0.1,0.1,424222.32335691154,0.0055137311359588,7035.0
NE,sun0.3,wnd1,0.1,1669597.239724256,0.0293998772218815,5250.0
CENT,sun0.3,wnd0.1,0.06,10463317.383334696,0.0404052073019581,8760.0
TEN,sun0.3,wnd0.1,0.1,483465.5707360506,0.0049052294958219,5410.0
FLA,sun0.3,wnd0.5,0.02,2794943.4090893567,0.0151607396560168,2748.0
NY,sun0.3,wnd1,0.06,2317939.4603014886,0.0301268798690242,6736.0
NW,sun0.1,wnd1,0.1,34455901.41361055,0.1392311021994013,8533.0
FLA,sun0.5,wnd1,0.18,4337623.427530676,0.023528769597542,5368.0
NE,sun0.1,wnd0.5,0.18,877250.8207796738,0.0154474778767463,6057.0
MIDA,sun1,wnd0.3,0.18,11258373.446027637,0.0205199285759898,8760.0
NW,sun1,wnd0.3,0.02,22674849.553602964,0.0916256480321442,8759.0
NE,sun0.5,wnd0.3,0.14,755556.5732609034,0.0133045682872144,5545.0
CAL,sun0.3,wnd0.1,0.14,5710033.042622998,0.0467344244740109,8372.0
MIDA,sun1,wnd0.5,0.14,15166166.138961077,0.0276424163255023,8760.0
CAL,sun0.5,wnd0.5,0.18,10353306.763844147,0.0847378341595154,8511.0
NW,sun1,wnd1,0.1,44050654.49420798,0.1780020526588482,8449.0
NW,sun1,wnd0.3,0.18,19895771.835526586,0.0803958140150105,8479.0
NE,sun0.3,wnd1,0.14,1646657.5512654334,0.0289959330800542,5879.0
TEN,sun0.5,wnd0.1,0.1,666559.2037521005,0.0067628928818623,5433.0
NE,sun0.3,wnd0.1,0.18,421442.0073136762,0.0074211570170131,5863.0
TEX,sun0.1,wnd1,0.06,72442107.56283134,0.2187532219476506,8628.0
SE,sun0.3,wnd0.1,0.02,2019738.648731649,0.0105483998624709,2977.0
NY,sun0.3,wnd0.5,0.06,1230152.472986728,0.01598862110464,6534.0
CAR,sun1,wnd0.3,0.06,5751432.379513532,0.0411198091999498,5359.0
FLA,sun1,wnd0.5,0.1,8886376.063334763,0.0482027770378269,5143.0
FLA,sun0.1,wnd1,0.06,1019122.8007990122,0.0055280745256515,3610.0
NY,sun0.5,wnd0.1,0.1,424222.32335691154,0.0055137311359588,7035.0
FLA,sun0.3,wnd1,0.14,2767816.5058658123,0.0150135939513458,4761.0
NE,sun0.1,wnd0.5,0.06,852135.2417683452,0.0150052185571205,3654.0
TEN,sun1,wnd0.1,0.06,1092287.8906653374,0.0110823254095706,4978.0
FLA,sun0.3,wnd0.1,0.1,2792420.710686207,0.0151470556674264,4372.0
MIDA,sun0.3,wnd0.5,0.02,12028983.19200617,0.0219244704508217,8760.0
CAR,sun0.1,wnd1,0.14,896403.955527991,0.00640883125892,7146.0
CENT,sun0.5,wnd0.3,0.1,25137056.61462632,0.0970694041158232,8666.0
MIDW,sun0.5,wnd0.1,0.14,14044452.49931109,0.0182743312836471,8760.0
NE,sun0.1,wnd1,0.18,1539566.2157684118,0.0271101656385246,6250.0
SE,sun0.1,wnd0.3,0.1,844943.9460663497,0.0044128514400014,6607.0
SE,sun0.1,wnd0.5,0.1,844943.9460663497,0.0044128514400014,6607.0
CAL,sun0.3,wnd0.1,0.1,5896152.309686482,0.0482577390966774,8595.0
SE,sun0.5,wnd1,0.18,3207648.8691735268,0.016752446120538,7869.0
CAL,sun0.5,wnd0.1,0.18,7977894.805909887,0.0652960008261403,8442.0
CENT,sun0.5,wnd0.3,0.06,25904385.098245356,0.1000325242538691,8718.0
SW,sun0.3,wnd0.3,0.06,3535003.429534972,0.0426868655780909,6041.0
NW,sun1,wnd1,0.18,40254484.9933649,0.1626623041091454,8462.0
SE,sun0.1,wnd0.3,0.14,889909.3346658945,0.0046476901896669,7705.0
NW,sun0.5,wnd0.3,0.1,16320790.30737728,0.0659498527112638,8540.0
CENT,sun0.1,wnd0.5,0.02,40965235.09354532,0.1581915902469382,8760.0
SE,sun1,wnd0.5,0.18,6074018.494055688,0.0317225082005429,7948.0
NW,sun1,wnd1,0.02,47086313.84047043,0.1902686943469707,8760.0
MIDW,sun1,wnd0.3,0.1,34686048.3118037,0.0451327196842726,8760.0
MIDW,sun0.3,wnd0.1,0.06,12459533.391375184,0.0162120695587686,8760.0
CAR,sun0.3,wnd1,0.18,1955088.6793113947,0.0139778872735466,7189.0
NW,sun0.1,wnd0.1,0.1,5652420.875065744,0.0228405804591556,8615.0
TEN,sun1,wnd0.1,0.14,1146513.7663355025,0.011632499777456,6276.0
TEX,sun0.5,wnd1,0.18,71098090.13838083,0.2146946964319851,8640.0
NE,sun0.5,wnd0.5,0.02,1000273.300965242,0.01761377626712,1247.0
TEN,sun0.5,wnd0.3,0.18,736661.5902840495,0.007474149928813,6459.0
SW,sun1,wnd0.3,0.02,6627988.706325829,0.0800361494973865,4495.0
NY,sun0.1,wnd1,0.14,2276184.508323401,0.029584179576922,7534.0
NY,sun0.3,wnd1,0.1,2309055.495016277,0.0300114125932424,7269.0
NY,sun0.3,wnd0.5,0.1,1261034.2316466123,0.0163899995915352,7190.0
NW,sun0.5,wnd0.1,0.18,9180403.091255307,0.0370966246300368,8456.0
CAR,sun0.1,wnd0.3,0.02,628115.2956896126,0.0044907041255193,2982.0
SW,sun0.1,wnd1,0.14,7054593.406989157,0.0851876063135381,7880.0
NE,sun0.1,wnd0.1,0.02,213890.1470010206,0.0037663838386788,1032.0
NW,sun0.5,wnd0.3,0.18,14992417.128549278,0.0605820969935949,8454.0
CENT,sun0.5,wnd0.3,0.18,23191752.97372347,0.0895574082548238,8646.0
MIDA,sun0.5,wnd0.1,0.14,5236208.637699485,0.0095437078694956,8760.0
FLA,sun0.3,wnd0.3,0.06,2802806.9889210463,0.0152033944325696,3835.0
CENT,sun0.3,wnd0.5,0.1,39531219.87088382,0.1526539887174188,8651.0
CAR,sun0.3,wnd1,0.14,1938736.2662494185,0.0138609758572771,7163.0
MIDA,sun0.5,wnd0.1,0.02,5272040.215689421,0.0096090158311335,8760.0
NE,sun0.1,wnd1,0.1,1588568.0634727925,0.0279730373969805,5232.0
MIDA,sun0.1,wnd0.1,0.1,2959501.3873622417,0.0053940968808991,8760.0
SW,sun0.1,wnd0.3,0.1,2665362.226032332,0.0321855300362552,6635.0
TEX,sun0.5,wnd0.5,0.06,46895800.83941609,0.1416111136819147,8760.0
SW,sun0.5,wnd0.3,0.14,4205920.327485174,0.0507885096097736,7680.0
SW,sun0.3,wnd0.5,0.1,4829319.575015456,0.0583163551723757,7777.0
CENT,sun0.3,wnd1,0.02,80841011.79745665,0.3121761216360298,8760.0
CENT,sun0.5,wnd0.3,0.02,25300244.93954301,0.0976995731010458,8760.0
NW,sun0.1,wnd0.1,0.18,5272822.128422737,0.0213066791615469,8424.0
TEN,sun0.1,wnd0.3,0.02,141838.3988646716,0.0014390888201033,2471.0
CAR,sun0.5,wnd1,0.18,2957274.7546994984,0.0211430067574501,7224.0
FLA,sun0.1,wnd0.1,0.1,1063464.3199244738,0.0057685982604889,4098.0
CAL,sun0.5,wnd0.5,0.14,10795260.663691329,0.0883550568619456,8528.0
CAR,sun0.3,wnd0.1,0.14,1938736.2662494185,0.0138609758572771,7163.0
CAR,sun0.3,wnd0.5,0.18,1955088.6793113947,0.0139778872735466,7189.0
NW,sun1,wnd0.3,0.14,20800644.50163788,0.084052268018069,8538.0
MIDW,sun1,wnd0.1,0.06,17088110.920869708,0.0222346723729529,8760.0
NW,sun0.3,wnd0.5,0.02,21512428.78280598,0.0869284809722916,8760.0
NW,sun0.3,wnd0.1,0.06,7919925.342000842,0.0320032241057018,8760.0
TEN,sun0.3,wnd1,0.02,344479.67352615297,0.0034950820856158,2502.0
TEN,sun0.3,wnd0.1,0.18,566507.899406597,0.0057477748695831,6404.0
CAR,sun0.1,wnd0.3,0.1,831508.9928877056,0.0059448653621268,7125.0
MIDW,sun0.3,wnd0.5,0.02,49502899.73057842,0.0644120793759764,8760.0
MIDA,sun0.1,wnd0.5,0.18,9871115.456976056,0.0179914607659391,8760.0
TEN,sun0.3,wnd0.5,0.18,569468.4298381954,0.0057778123367274,6404.0
NE,sun0.3,wnd0.3,0.1,661854.0045009777,0.0116545631534183,4794.0
TEX,sun0.5,wnd1,0.1,77789067.09528926,0.2348994201285137,8610.0
TEN,sun1,wnd0.1,0.1,1125205.188990131,0.0114163034887536,5517.0
MIDA,sun0.1,wnd1,0.06,20292964.322370708,0.0369867086472496,8760.0
NY,sun0.5,wnd0.3,0.02,711721.2144821286,0.009250431211068,3043.0
MIDW,sun0.1,wnd0.1,0.02,10604589.859621644,0.0137984580197367,8760.0
MIDA,sun1,wnd0.3,0.1,11910906.327100158,0.0217092591819857,8760.0
NE,sun0.3,wnd0.3,0.06,638060.5779476985,0.0112355855684591,3480.0
MIDW,sun0.5,wnd0.3,0.1,31524329.988029003,0.0410187616587056,8760.0
CAR,sun1,wnd0.3,0.1,5698884.585906118,0.040744119266654,6706.0
TEX,sun0.3,wnd0.3,0.14,27049634.51763028,0.0816817028425883,8684.0
SW,sun0.3,wnd1,0.14,7839766.569609106,0.0946689496605491,8100.0
FLA,sun0.5,wnd0.3,0.18,4337623.427530676,0.023528769597542,5368.0
SW,sun0.3,wnd0.1,0.06,2150589.832534179,0.0259694059496491,5809.0
SE,sun1,wnd0.5,0.06,6548449.158931047,0.0342002962862766,5759.0
TEN,sun1,wnd1,0.1,1132494.1945435554,0.0114902575553926,5521.0
TEX,sun0.1,wnd1,0.1,69626384.14252669,0.2102505901078623,8616.0
FLA,sun0.3,wnd1,0.18,2730479.3306378424,0.0148110642001954,5072.0
SW,sun0.3,wnd0.3,0.02,3526132.4685356915,0.0425797444600289,3739.0
FLA,sun0.3,wnd0.1,0.02,2794943.4090893567,0.0151607396560168,2748.0
TEN,sun0.5,wnd0.5,0.1,669782.1112722754,0.0067955924203345,5433.0
MIDA,sun1,wnd0.5,0.1,15630690.17250842,0.0284890750400954,8760.0
CAR,sun0.3,wnd0.1,0.02,1765508.6161867976,0.0126224864778135,3166.0
MIDA,sun0.5,wnd1,0.1,22034910.07865649,0.0401616435233746,8760.0
FLA,sun1,wnd0.5,0.06,9077504.203707663,0.0492395221710947,4467.0
CENT,sun1,wnd1,0.06,79358811.90577847,0.3064524499082102,8653.0
CAR,sun0.5,wnd0.3,0.1,2989155.443962246,0.0213709374316099,7148.0
CAR,sun0.1,wnd0.5,0.14,896403.955527991,0.00640883125892,7146.0
CENT,sun0.5,wnd0.5,0.14,38019193.32978639,0.1468151382266165,8683.0
CAL,sun1,wnd1,0.06,22111459.999294177,0.1809737964094922,8628.0
CAR,sun0.3,wnd1,0.1,1906908.1330051424,0.0136334209318542,6632.0
CAL,sun1,wnd0.5,0.1,18015056.330040306,0.1474463077825851,8421.0
NE,sun1,wnd0.3,0.14,951089.6278732866,0.0167477027520108,5600.0
MIDW,sun0.1,wnd1,0.14,86835782.59734881,0.1129888017020636,8745.0
TEX,sun0.1,wnd0.1,0.06,10837215.740993084,0.0327251089185646,8760.0
NE,sun0.3,wnd1,0.02,1680287.0488059595,0.0295881136821785,1506.0
MIDA,sun0.3,wnd0.1,0.02,4020535.524597764,0.0073279770117312,8760.0
TEN,sun0.1,wnd0.3,0.06,236475.05083432797,0.0023992699058436,4733.0
CAR,sun0.3,wnd0.1,0.1,1906908.1330051424,0.0136334209318542,6632.0
SW,sun0.1,wnd0.5,0.1,3995975.989662379,0.0482533308168348,6805.0
MIDW,sun0.5,wnd0.1,0.1,13985516.597444296,0.0181976451903112,8760.0
TEX,sun0.1,wnd1,0.18,63659022.91699466,0.1922309667351102,8618.0
CAR,sun0.5,wnd0.1,0.1,2989155.443962246,0.0213709374316099,7148.0
MIDW,sun1,wnd1,0.1,96062460.13213491,0.1249943506493321,8760.0
CENT,sun0.1,wnd0.1,0.1,10412717.226278782,0.0402098094409879,8654.0
MIDW,sun0.3,wnd0.3,0.14,29639762.07456136,0.0385666035287301,8720.0
TEN,sun0.1,wnd0.5,0.18,400961.2527506352,0.0040681427649124,6346.0
CAL,sun0.1,wnd0.1,0.18,3041697.1629413217,0.0248951214946025,8384.0
MIDW,sun0.5,wnd0.5,0.06,50167123.526649,0.0652763527035747,8760.0
NE,sun0.5,wnd0.3,0.06,722207.097005628,0.012717318569743,3501.0
SW,sun0.5,wnd0.5,0.1,5659976.227277175,0.0683469335193131,7829.0
NW,sun0.5,wnd0.5,0.06,23561258.445005625,0.0952074927056547,8393.0
CENT,sun0.1,wnd1,0.06,78858240.20688742,0.3045194393225426,8653.0
MIDA,sun0.5,wnd1,0.02,23295708.56579596,0.0424596215597975,8760.0
NE,sun0.1,wnd0.3,0.1,580893.4464534074,0.0102289316239803,4788.0
CAL,sun0.3,wnd0.1,0.02,5435855.329436734,0.0444903853355834,7085.0
TEN,sun0.1,wnd1,0.14,360912.7840373516,0.0036618120106959,6071.0
NE,sun0.3,wnd0.5,0.18,951555.077994965,0.016755898846317,6066.0
MIDA,sun0.5,wnd0.1,0.1,5283193.71364975,0.0096293446097635,8760.0
MIDA,sun0.5,wnd0.5,0.1,12722100.113142192,0.023187771031914,8760.0
CENT,sun0.5,wnd1,0.18,69412578.77101395,0.2680440181498604,8664.0
TEN,sun0.3,wnd0.3,0.06,426941.82809373736,0.0043317410275506,4795.0
FLA,sun1,wnd0.1,0.06,9077504.203707663,0.0492395221710947,4467.0
SW,sun0.3,wnd0.1,0.02,2092250.150287807,0.0252649262444492,3351.0
CAL,sun0.1,wnd0.3,0.14,4371459.802935466,0.0357787172992636,8449.0
CAR,sun0.1,wnd0.5,0.18,950386.9911698104,0.0067947824410173,7163.0
TEN,sun1,wnd1,0.18,1164020.020154372,0.0118101177874891,6566.0
TEN,sun0.5,wnd0.1,0.02,533483.6412985623,0.0054127115791351,2553.0
MIDW,sun0.3,wnd1,0.1,91672631.37304878,0.1192824024601124,8760.0
TEN,sun0.1,wnd0.3,0.14,355434.8286767602,0.0036062328136692,6068.0
TEX,sun0.3,wnd0.5,0.14,39461649.40605944,0.1191622281758847,8586.0
MIDW,sun1,wnd0.5,0.06,53466840.45725381,0.0695698714673064,8760.0
CENT,sun0.3,wnd1,0.14,72544010.02635813,0.2801363713098186,8667.0
CENT,sun0.3,wnd0.1,0.18,9890697.991820574,0.0381939769271536,8649.0
MIDW,sun1,wnd0.5,0.1,52240357.47910476,0.0679739989149553,8760.0
TEX,sun1,wnd0.5,0.02,58872493.91070771,0.1777770989875022,8760.0
NW,sun0.3,wnd1,0.02,38966801.41287237,0.1574589689229928,8760.0
NE,sun0.1,wnd0.3,0.18,612222.9101367146,0.0107806110133573,5975.0
MIDA,sun0.1,wnd0.1,0.06,2886100.5059643984,0.0052603137148922,8760.0
MIDW,sun0.1,wnd0.5,0.18,43391207.2411139,0.0564596801449112,8711.0
CAR,sun0.3,wnd0.5,0.06,1855524.4764369729,0.0132660539848646,5881.0
NE,sun0.3,wnd0.3,0.18,686530.44615753,0.0120890897192956,5970.0
CENT,sun0.1,wnd0.1,0.14,10116307.108942062,0.0390651904068311,8645.0
SW,sun0.5,wnd0.1,0.14,2944291.6345470697,0.0355537367167821,7586.0
MIDA,sun0.5,wnd0.5,0.18,12001223.279093206,0.0218738742050158,8760.0
MIDW,sun1,wnd1,0.02,101289060.7514286,0.1317950878948013,8760.0
FLA,sun1,wnd1,0.1,8886376.063334763,0.0482027770378269,5143.0
CAL,sun1,wnd0.3,0.1,16711675.07173574,0.1367786334412305,8397.0
MIDA,sun1,wnd0.1,0.02,8402290.911151648,0.0153143267273972,8760.0
FLA,sun0.5,wnd0.3,0.1,4526562.05479008,0.0245536380544594,4609.0
NY,sun0.5,wnd0.1,0.06,358819.57216359675,0.004663674064991,5813.0
NY,sun0.5,wnd0.1,0.14,470726.951976791,0.0061181642472543,7340.0
SW,sun0.5,wnd0.3,0.06,4398520.251123369,0.0531142462645116,6205.0
NY,sun0.5,wnd1,0.1,2309055.495016277,0.0300114125932424,7269.0
MIDW,sun0.5,wnd0.3,0.18,29791905.969685797,0.038764569803487,8678.0
TEX,sun1,wnd0.3,0.14,40917023.5715003,0.123557017319111,8683.0
NE,sun1,wnd0.5,0.1,1233980.3704099432,0.0217291155741583,5006.0
TEX,sun0.3,wnd1,0.06,76717520.80513918,0.2316636749062605,8697.0
NW,sun1,wnd0.1,0.02,15708268.9047032,0.0634747460817403,8760.0
NW,sun1,wnd0.5,0.18,25704372.90189007,0.1038674950776613,8458.0
MIDW,sun1,wnd0.5,0.14,50572035.97550952,0.0658032158355987,8729.0
NE,sun0.1,wnd0.5,0.1,868396.4947125316,0.0152915623702619,4908.0
SW,sun0.3,wnd0.3,0.14,3412332.932923913,0.0412055603676111,7597.0
SE,sun0.3,wnd1,0.06,2062760.4520910385,0.0107730879353186,5454.0
SW,sun0.5,wnd0.1,0.06,3014628.9084982723,0.0364030931086879,5993.0
CAL,sun0.1,wnd0.3,0.02,3971113.0056552887,0.0325020327299729,7134.0
NE,sun0.5,wnd0.1,0.02,387596.1944260523,0.0068251673257895,1070.0
FLA,sun0.1,wnd0.5,0.1,1063464.3199244738,0.0057685982604889,4098.0
MIDA,sun0.3,wnd1,0.1,20874516.282931983,0.0380466667976124,8760.0
CAR,sun0.5,wnd0.5,0.1,2989155.443962246,0.0213709374316099,7148.0
MIDW,sun0.5,wnd1,0.1,92926128.88334072,0.120913425724809,8760.0
FLA,sun0.5,wnd0.1,0.06,4590630.132937521,0.0249011654676786,4047.0
CAR,sun1,wnd1,0.02,5752425.663507089,0.0411269106740873,3638.0
CENT,sun1,wnd1,0.1,76144631.20167777,0.2940405509953482,8666.0
CAL,sun0.3,wnd1,0.02,11924521.722241985,0.0975976243319289,8760.0
TEX,sun0.5,wnd0.3,0.02,33376764.07706803,0.1007877176090246,8760.0
SE,sun1,wnd0.3,0.1,6423855.860188603,0.033549588366148,7698.0
CAR,sun0.1,wnd0.1,0.14,896403.955527991,0.00640883125892,7146.0
TEX,sun1,wnd0.5,0.06,57786497.86402571,0.1744977198773894,8760.0
SE,sun0.3,wnd0.5,0.14,2077481.3508971331,0.0108499701235359,7736.0
CENT,sun1,wnd0.5,0.06,41421427.99269083,0.1599532274012325,8703.0
MIDA,sun1,wnd0.5,0.02,16410474.016386986,0.0299103379656687,8760.0
MIDA,sun0.5,wnd0.5,0.14,12374615.362583635,0.0225544324509111,8760.0
NY,sun0.3,wnd0.3,0.1,842364.9917264581,0.0109484433680221,7116.0
MIDA,sun0.5,wnd1,0.14,21312745.79947287,0.038845400151273,8760.0
MIDW,sun0.1,wnd1,0.02,95107305.48791872,0.1237515245301668,8760.0
NY,sun0.5,wnd1,0.06,2317939.4603014886,0.0301268798690242,6736.0
NE,sun0.5,wnd0.5,0.06,1020299.5860406013,0.0179664183944652,3690.0
CENT,sun0.3,wnd0.1,0.1,10519581.428255675,0.0406224768652707,8678.0
SW,sun0.1,wnd0.3,0.14,2619777.94523713,0.0316350779347039,7509.0
MIDW,sun0.5,wnd1,0.14,89223954.25684547,0.1160962378993807,8726.0
CENT,sun0.1,wnd1,0.02,80723672.89308605,0.3117230050400227,8760.0
SE,sun1,wnd0.3,0.06,6548449.158931047,0.0342002962862766,5759.0
NW,sun0.5,wnd0.3,0.14,15656711.857089875,0.0632664118263342,8523.0
NW,sun0.5,wnd0.5,0.14,21759345.58763176,0.0879262345493862,8535.0
CAL,sun0.5,wnd0.1,0.06,8772293.001812086,0.071797844547806,8663.0
NW,sun0.3,wnd0.3,0.1,14177949.852338314,0.0572909575393996,8628.0
NY,sun0.5,wnd0.3,0.1,842364.9917264581,0.0109484433680221,7116.0
CAL,sun0.5,wnd1,0.02,14834951.230350032,0.1214183705549888,8760.0
SW,sun0.1,wnd0.3,0.06,2673974.5045696944,0.0322895274392489,5893.0
NW,sun0.1,wnd1,0.18,31510541.60527193,0.1273293473282658,8459.0
NW,sun0.3,wnd0.3,0.18,13040047.836545764,0.0526928670714737,8443.0
CAR,sun1,wnd1,0.06,5751432.379513532,0.0411198091999498,5359.0
TEX,sun1,wnd0.3,0.02,44730376.60172904,0.1350721883964138,8760.0
FLA,sun0.5,wnd0.1,0.1,4526562.05479008,0.0245536380544594,4609.0
CAL,sun0.1,wnd0.1,0.14,3121545.9269731045,0.0255486529197503,8339.0
TEX,sun0.5,wnd1,0.14,74444065.95567405,0.2247985298959271,8634.0
CAL,sun0.1,wnd0.5,0.18,5422026.423389018,0.0443772010579407,8465.0
NW,sun0.1,wnd0.3,0.02,12219965.394471109,0.0493790375787028,8760.0
NE,sun0.5,wnd1,0.02,1767277.193086177,0.0311199199768359,1532.0
CAL,sun0.3,wnd0.1,0.18,5508014.758328855,0.0450809825097982,8406.0
SE,sun0.1,wnd0.3,0.18,922612.3542285264,0.0048184868059883,7800.0
MIDW,sun1,wnd0.3,0.14,33853171.00234866,0.0440489981314132,8722.0
CAR,sun0.1,wnd1,0.18,950386.9911698104,0.0067947824410173,7163.0
CAR,sun1,wnd0.3,0.18,5439458.261091888,0.0388893533102979,7323.0
NE,sun0.5,wnd0.3,0.1,742994.3114328906,0.0130833598744395,4809.0
MIDW,sun0.5,wnd1,0.02,97853538.43673718,0.12732486216588,8760.0
CAL,sun0.1,wnd0.3,0.18,4231838.084807232,0.0346359672324797,8478.0
SW,sun0.5,wnd0.1,0.02,2977850.727556154,0.0359589788956814,3651.0
SW,sun0.1,wnd1,0.02,7666625.831627443,0.0925781920260404,4690.0
MIDW,sun1,wnd1,0.06,99059264.99766374,0.1288937269267488,8760.0
SE,sun1,wnd0.1,0.02,6631922.205102205,0.0346362472788987,3502.0
CAL,sun0.1,wnd1,0.1,9078562.01403831,0.0743045386271175,8443.0
NY,sun0.3,wnd0.1,0.1,424222.32335691154,0.0055137311359588,7035.0
NY,sun0.1,wnd0.5,0.06,1230152.472986728,0.01598862110464,6534.0
CAL,sun0.5,wnd0.5,0.06,11522811.393458962,0.0943097797816781,8666.0
NY,sun0.3,wnd1,0.02,2284129.566395268,0.0296874436242291,3618.0
NY,sun0.1,wnd0.1,0.14,470726.951976791,0.0061181642472543,7340.0
MIDA,sun1,wnd1,0.14,24100131.794245303,0.0439257931406018,8760.0
CAL,sun1,wnd1,0.1,21276043.165385813,0.1741362309108041,8464.0
TEN,sun0.3,wnd0.3,0.18,567994.4209651351,0.005762857079851,6404.0
TEN,sun0.3,wnd0.5,0.06,428621.1682923138,0.0043487795708806,4795.0
MIDA,sun0.1,wnd0.5,0.06,10617278.520450592,0.0193514452114668,8760.0
CENT,sun0.5,wnd1,0.1,75878750.41739133,0.2930138242113732,8671.0
SE,sun0.3,wnd0.3,0.18,2063198.9261032343,0.010775377934182,7824.0
FLA,sun0.1,wnd0.5,0.02,959828.0630779266,0.0052064393617202,2386.0
NE,sun0.1,wnd1,0.06,1597521.1694645137,0.0281306923155731,4037.0
NY,sun0.3,wnd0.3,0.02,711721.2144821286,0.009250431211068,3043.0
NY,sun0.5,wnd0.5,0.1,1261034.2316466123,0.0163899995915352,7190.0
FLA,sun0.5,wnd0.1,0.14,4443409.3589077,0.0241025890744089,5035.0
MIDW,sun0.1,wnd0.3,0.14,28437768.43094361,0.0370025959573858,8716.0
SE,sun0.1,wnd0.1,0.02,702845.047673732,0.0036707177975109,2667.0
FLA,sun0.5,wnd0.3,0.06,4590630.132937521,0.0249011654676786,4047.0
NE,sun0.3,wnd1,0.18,1613632.0824593008,0.0284143887979998,6266.0
TEN,sun0.1,wnd0.1,0.06,234784.03730496764,0.0023821129251936,4730.0
CAL,sun0.3,wnd0.3,0.02,6875696.748164624,0.0562749336097875,7161.0
NY,sun0.5,wnd1,0.02,2284129.566395268,0.0296874436242291,3618.0
NE,sun0.5,wnd0.5,0.1,1030559.5346005632,0.0181470854564301,4941.0
SW,sun0.3,wnd0.1,0.1,2169043.5119210184,0.0261922429983562,6610.0
MIDA,sun0.3,wnd0.3,0.14,7689536.839900851,0.0140152347489309,8760.0
TEX,sun1,wnd1,0.18,80451306.11846828,0.242938575579783,8612.0
TEN,sun0.5,wnd0.5,0.06,619060.4409250915,0.006280971631339,4852.0
CENT,sun0.1,wnd0.1,0.02,9167376.321722956,0.0354007937563132,8760.0
SW,sun0.1,wnd0.5,0.06,4060740.858940676,0.0490353977438332,6162.0
CAL,sun0.3,wnd1,0.06,12090271.045626208,0.0989542187995085,8637.0
CAL,sun1,wnd0.1,0.14,14789484.121094584,0.121046239751596,8451.0
MIDA,sun0.5,wnd0.5,0.06,13031731.82346034,0.0237521172592841,8760.0
NE,sun0.1,wnd0.3,0.14,599599.6900562346,0.0105583291889263,5516.0
TEN,sun0.1,wnd1,0.06,242374.78260952237,0.0024591284357428,4736.0
CAR,sun0.1,wnd0.1,0.1,831508.9928877056,0.0059448653621268,7125.0
TEN,sun0.5,wnd0.5,0.02,536979.9167151153,0.0054481847013942,2555.0
TEN,sun0.5,wnd0.3,0.1,668171.3891803324,0.006779250074585,5433.0
SE,sun0.3,wnd0.1,0.14,2077481.3508971331,0.0108499701235359,7736.0
FLA,sun0.3,wnd1,0.1,2792420.710686207,0.0151470556674264,4372.0
NW,sun0.3,wnd0.3,0.06,14616267.27215472,0.0590621321414412,8657.0
TEX,sun1,wnd0.5,0.14,53278131.55354202,0.1608838192149443,8600.0
MIDA,sun0.1,wnd1,0.14,19089394.635220945,0.0347930379420685,8760.0
TEX,sun0.1,wnd0.3,0.14,23117725.45430428,0.069808528456245,8732.0
TEX,sun0.5,wnd0.5,0.18,41492486.055001855,0.1252947397102877,8602.0
FLA,sun1,wnd0.3,0.1,8886376.063334763,0.0482027770378269,5143.0
NY,sun0.3,wnd0.3,0.14,871769.3717669845,0.0113306199693854,7383.0
TEX,sun0.3,wnd0.1,0.02,14695308.07697606,0.0443753791475997,8760.0
CAR,sun1,wnd0.3,0.02,5752425.663507089,0.0411269106740873,3638.0
CAL,sun0.1,wnd0.1,0.06,3001334.395411104,0.0245647677651893,8760.0
NY,sun0.5,wnd1,0.18,2213788.504930377,0.0287732020122688,7402.0
NE,sun1,wnd0.1,0.18,683028.2773670927,0.0120274201561223,5912.0
NE,sun0.3,wnd0.5,0.06,936212.2915009112,0.0164857282755743,3675.0
SE,sun0.1,wnd1,0.06,786436.9978212416,0.0041072897846803,5345.0
SW,sun1,wnd0.1,0.1,5102155.72549583,0.0616109828332976,7769.0
MIDA,sun0.1,wnd0.5,0.14,10147804.30701244,0.018495764115596,8760.0
TEN,sun1,wnd1,0.14,1153530.814895898,0.0117036945752979,6282.0
SE,sun0.3,wnd1,0.1,2078099.698070079,0.010853199538014,6687.0
NY,sun0.3,wnd0.1,0.06,358819.57216359675,0.004663674064991,5813.0
FLA,sun0.3,wnd0.1,0.18,2730479.3306378424,0.0148110642001954,5072.0
FLA,sun0.1,wnd0.3,0.06,1019122.8007990122,0.0055280745256515,3610.0
TEX,sun0.1,wnd0.3,0.06,24540938.84533602,0.0741062018023332,8760.0
SW,sun1,wnd0.5,0.14,7449345.731647715,0.0899544303789834,7853.0
NW,sun1,wnd0.5,0.14,26892435.2579903,0.1086682759173729,8515.0
SW,sun1,wnd0.1,0.18,4737569.344227314,0.05720842703412,7501.0
NY,sun0.1,wnd0.5,0.14,1272880.922372833,0.0165439742032396,7412.0
CENT,sun0.3,wnd1,0.1,75772440.47760361,0.2926032971291857,8688.0
TEN,sun0.1,wnd0.3,0.1,301735.3975316137,0.0030613997386665,5350.0
TEN,sun0.1,wnd1,0.18,404655.76444895566,0.0041056271874901,6346.0
NE,sun0.5,wnd1,0.18,1687631.305192776,0.0297174384264468,6273.0
CAR,sun0.5,wnd1,0.02,2903797.439291716,0.0207606712171895,3340.0
NW,sun0.1,wnd0.3,0.1,12041251.224120378,0.0486568805636274,8632.0
SE,sun0.3,wnd0.1,0.1,2078099.698070079,0.010853199538014,6687.0
TEX,sun1,wnd0.1,0.02,30592024.09959179,0.0923786463816172,8760.0
MIDA,sun1,wnd0.3,0.06,12189418.651801586,0.0222168860641285,8760.0
CAR,sun0.5,wnd0.3,0.06,2964220.3325189054,0.0211926640977215,5314.0
FLA,sun0.3,wnd0.1,0.14,2767816.5058658123,0.0150135939513458,4761.0
TEN,sun0.3,wnd0.1,0.14,529876.2466529608,0.0053761110439786,6126.0
NE,sun1,wnd0.1,0.06,635324.6949644536,0.0111874095042641,3395.0
CAL,sun0.3,wnd1,0.1,11785643.100823954,0.096460956225936,8562.0
NW,sun1,wnd0.5,0.02,29644974.93614012,0.1197908737166863,8760.0
FLA,sun0.5,wnd1,0.1,4526562.05479008,0.0245536380544594,4609.0
NY,sun1,wnd0.5,0.18,1263101.559312448,0.0164168692028021,7315.0
NW,sun0.3,wnd1,0.18,33445059.10297948,0.1351464408414094,8455.0
MIDW,sun0.1,wnd0.5,0.14,45173583.56944215,0.0587788688421993,8760.0
TEN,sun0.3,wnd1,0.18,573179.7514633834,0.0058154673123994,6407.0
NW,sun0.3,wnd0.1,0.1,7794141.32040894,0.0314949498407193,8607.0
CENT,sun0.5,wnd0.5,0.02,41200766.9302896,0.1591011213584594,8760.0
FLA,sun1,wnd1,0.02,9227032.92973858,0.050050617694202,3441.0
NY,sun0.3,wnd0.3,0.06,792819.5382762849,0.0103044878421277,5911.0
TEN,sun0.1,wnd0.1,0.14,353920.30378879607,0.0035908664823267,6068.0
NE,sun1,wnd0.3,0.06,933251.6896820664,0.0164335951455559,3595.0
MIDW,sun1,wnd0.5,0.18,48526554.24893606,0.0631416802073581,8694.0
CAL,sun0.3,wnd0.3,0.1,7203052.790520906,0.0589542169210068,8446.0
MIDW,sun1,wnd0.3,0.02,35547948.46128154,0.0462542051153178,8760.0
CENT,sun1,wnd1,0.14,72899689.81859633,0.2815098664655129,8659.0
CAL,sun0.3,wnd0.3,0.06,7263257.102066338,0.0594469660574702,8760.0
TEX,sun1,wnd0.1,0.14,28574515.289184157,0.0862863808825543,8643.0
MIDW,sun0.5,wnd0.1,0.02,13354208.957549691,0.0173762016378553,8760.0
CAR,sun0.5,wnd0.5,0.14,2983706.463586718,0.0213319800000361,7179.0
NW,sun0.1,wnd0.1,0.14,5462227.199704349,0.0220720364952627,8425.0
TEN,sun0.1,wnd0.5,0.02,143574.93164123595,0.0014567076378882,2471.0
FLA,sun0.1,wnd0.3,0.02,959828.0630779266,0.0052064393617202,2386.0
SW,sun1,wnd1,0.14,10592710.944341583,0.1279120762403798,7622.0
SW,sun0.3,wnd0.3,0.18,3292993.8110796213,0.0397644831087286,7721.0
TEN,sun1,wnd0.5,0.06,1095643.8952705413,0.0111163753477131,4979.0
TEN,sun0.5,wnd0.5,0.14,708977.0463351309,0.0071932632436456,6172.0
NY,sun1,wnd1,0.02,2284129.566395268,0.0296874436242291,3618.0
MIDW,sun0.3,wnd0.3,0.18,28648804.253022198,0.0372771911062939,8683.0
CAR,sun0.3,wnd0.3,0.14,1938736.2662494185,0.0138609758572771,7163.0
CAL,sun0.1,wnd1,0.14,8748714.118813977,0.0716048604584966,8372.0
CAL,sun0.1,wnd0.5,0.06,5766572.171264276,0.0471971754979697,8760.0
NE,sun0.3,wnd0.1,0.14,400958.7237372696,0.0070604676196427,5419.0
CENT,sun0.5,wnd1,0.06,79080740.49402526,0.3053786477262625,8656.0
MIDA,sun0.3,wnd0.5,0.1,11560728.24138844,0.0210710116285422,8760.0
SE,sun0.1,wnd1,0.18,922612.3542285264,0.0048184868059883,7800.0
CENT,sun0.5,wnd1,0.02,80958353.56837142,0.3126292493015006,8760.0
MIDW,sun0.1,wnd0.3,0.1,28999408.49608195,0.0377333896008554,8760.0
NE,sun0.5,wnd0.5,0.14,1032101.9313281626,0.0181742454644487,5638.0
CAR,sun1,wnd1,0.14,5599760.864227861,0.0400354351939493,7274.0
MIDW,sun0.3,wnd1,0.14,88029475.91332042,0.1145420090704684,8724.0
MIDW,sun0.5,wnd0.3,0.02,32109026.26873708,0.0417795555404535,8760.0
SW,sun0.1,wnd0.3,0.18,2539835.024931804,0.0306697287459359,7652.0
NW,sun0.1,wnd0.3,0.18,11093325.04975307,0.0448264538255044,8453.0
CAR,sun0.1,wnd0.5,0.06,745881.5871268511,0.0053326730672622,5868.0
SE,sun0.5,wnd1,0.1,3314822.666988611,0.0173121779823029,6760.0
TEN,sun1,wnd0.5,0.18,1160302.5946336985,0.0117724008818473,6563.0
MIDW,sun1,wnd0.1,0.1,17152828.119016528,0.0223188809612722,8760.0
FLA,sun0.1,wnd0.5,0.18,1125210.3789272606,0.0061035302388188,4759.0
CAR,sun1,wnd0.5,0.18,5439458.261091888,0.0388893533102979,7323.0
SE,sun0.3,wnd0.1,0.18,2063198.9261032343,0.010775377934182,7824.0
NE,sun1,wnd0.5,0.06,1231002.712617196,0.0216766821061143,3750.0
MIDA,sun0.3,wnd0.3,0.18,7517155.938305855,0.0137010469308103,8760.0
NE,sun1,wnd0.3,0.1,946368.8069104478,0.0166645739869459,4868.0
SW,sun0.3,wnd0.5,0.06,4920911.690542072,0.0594223739928474,6265.0
TEN,sun0.5,wnd0.1,0.06,615715.7644858062,0.0062470366284825,4852.0
FLA,sun0.3,wnd0.1,0.06,2802806.9889210463,0.0152033944325696,3835.0
NW,sun0.3,wnd0.5,0.18,18862587.13440576,0.0762208704259338,8433.0
CAL,sun0.5,wnd1,0.14,13914384.950324386,0.1138838895868337,8436.0
NW,sun1,wnd0.5,0.06,29196736.718540788,0.1179796106667056,8414.0
CENT,sun0.3,wnd0.5,0.06,41030695.09630057,0.1584443709745424,8669.0
NW,sun0.3,wnd0.1,0.18,7223914.242168069,0.0291907481989053,8444.0
SE,sun0.3,wnd0.1,0.06,2062760.4520910385,0.0107730879353186,5454.0
CAR,sun0.3,wnd0.1,0.06,1855524.4764369729,0.0132660539848646,5881.0
MIDW,sun0.3,wnd1,0.18,84174804.8810041,0.1095263962911534,8718.0
MIDA,sun0.5,wnd0.5,0.02,13280391.560756564,0.0242053337095559,8760.0
SE,sun0.1,wnd0.5,0.14,889909.3346658945,0.0046476901896669,7705.0
NW,sun0.5,wnd1,0.18,35384732.93041122,0.1429843703054742,8468.0
TEN,sun0.3,wnd0.5,0.02,340096.0103049576,0.0034506055490557,2498.0
TEN,sun0.1,wnd0.5,0.06,238178.845527038,0.0024165565638548,4736.0
CAL,sun0.3,wnd0.1,0.06,5884268.516137838,0.0481604748167831,8760.0
TEN,sun1,wnd0.3,0.1,1126840.2993011773,0.0114328932767595,5519.0
NW,sun1,wnd0.1,0.14,14715477.76454684,0.0594630267818015,8489.0
SE,sun0.1,wnd0.1,0.18,922612.3542285264,0.0048184868059883,7800.0
SE,sun0.5,wnd0.5,0.1,3314822.666988611,0.0173121779823029,6760.0
SE,sun0.5,wnd1,0.14,3269448.9025209844,0.0170752064260222,7763.0
CENT,sun0.1,wnd0.5,0.1,39424772.77184448,0.152242931980267,8654.0
NE,sun0.5,wnd0.1,0.1,455845.2639184594,0.0080269627144282,4698.0
NY,sun0.1,wnd0.1,0.06,358819.57216359675,0.004663674064991,5813.0
TEX,sun0.5,wnd0.3,0.06,33237374.312577903,0.1003668027417661,8759.0
MIDA,sun1,wnd0.1,0.18,7845974.636844993,0.0143003640738079,8760.0
NW,sun0.3,wnd0.5,0.14,19715971.015793324,0.0796692660136301,8526.0
FLA,sun0.3,wnd0.5,0.1,2792420.710686207,0.0151470556674264,4372.0
CAR,sun1,wnd0.3,0.14,5599760.864227861,0.0400354351939493,7274.0
FLA,sun1,wnd0.5,0.18,8351841.792845309,0.045303278290999,6585.0
TEN,sun1,wnd0.3,0.06,1093969.6360007375,0.0110993883553583,4979.0
NY,sun1,wnd0.5,0.1,1261034.2316466123,0.0163899995915352,7190.0
MIDA,sun0.3,wnd1,0.02,22044292.573928475,0.0401787444068876,8760.0
SW,sun0.3,wnd0.1,0.14,2148012.497111067,0.0259382833855698,7510.0
NW,sun0.5,wnd0.1,0.14,9560985.417651355,0.0386345004251191,8453.0
NY,sun0.5,wnd1,0.14,2276184.508323401,0.029584179576922,7534.0
FLA,sun0.1,wnd0.1,0.14,1098376.0028282702,0.0059579713024391,4466.0
TEN,sun0.1,wnd0.5,0.1,303345.3772931397,0.0030777345527504,5348.0
CENT,sun0.5,wnd0.1,0.1,10626434.051032037,0.0410350995752454,8704.0
NE,sun1,wnd1,0.1,1953742.073778376,0.034403373296062,5309.0
SE,sun0.5,wnd0.3,0.14,3269448.9025209844,0.0170752064260222,7763.0
MIDA,sun0.1,wnd1,0.02,20793291.464539707,0.0378986234341551,8760.0
SW,sun0.5,wnd0.3,0.18,4047131.61414136,0.0488710595713398,7793.0
SE,sun1,wnd1,0.1,6423855.860188603,0.033549588366148,7698.0
CAR,sun0.1,wnd0.3,0.06,745881.5871268511,0.0053326730672622,5868.0
CAL,sun1,wnd0.3,0.02,17101284.31473437,0.1399674352582042,7579.0
NE,sun0.3,wnd0.3,0.14,677549.0626333877,0.0119309368626605,5531.0
FLA,sun0.1,wnd1,0.1,1063464.3199244738,0.0057685982604889,4098.0
MIDW,sun1,wnd0.1,0.18,16744733.390258787,0.0217878771169575,8691.0
SW,sun0.1,wnd1,0.18,6756189.119008377,0.0815842311024886,7593.0
CAR,sun0.5,wnd0.3,0.02,2903797.439291716,0.0207606712171895,3340.0
NW,sun0.1,wnd0.5,0.1,18437189.05626422,0.074501900935565,8619.0
CENT,sun0.3,wnd0.3,0.18,23094782.96808207,0.0891829483166924,8648.0
FLA,sun0.5,wnd0.5,0.1,4526562.05479008,0.0245536380544594,4609.0
SW,sun1,wnd0.1,0.14,4936505.9881463945,0.0596106826321146,7729.0
SE,sun0.1,wnd0.3,0.06,786436.9978212416,0.0041072897846803,5345.0
TEN,sun0.1,wnd1,0.02,147926.64694583416,0.0015008600316916,2471.0
CAL,sun1,wnd0.3,0.18,15348073.509717733,0.1256180790736677,8551.0
SW,sun0.1,wnd1,0.06,7533286.810941279,0.0909680592593253,6700.0
CAR,sun0.5,wnd0.1,0.02,2903797.439291716,0.0207606712171895,3340.0
FLA,sun0.3,wnd1,0.02,2794943.4090893567,0.0151607396560168,2748.0
MIDA,sun0.3,wnd0.3,0.06,7957711.915955901,0.0145040205786861,8760.0
CAL,sun0.3,wnd0.5,0.02,8316114.916310251,0.0680642023561679,7249.0
MIDA,sun0.5,wnd1,0.18,20556238.275065124,0.0374665615079765,8760.0
NW,sun0.3,wnd0.1,0.14,7508630.382047117,0.0303412431893995,8440.0
NW,sun1,wnd1,0.06,45925118.76899886,0.1855764801532757,8530.0
NY,sun0.5,wnd0.5,0.02,1161081.7318435758,0.0150908901860708,3245.0
NY,sun1,wnd1,0.06,2317939.4603014886,0.0301268798690242,6736.0
CENT,sun0.3,wnd0.5,0.18,36299834.15701407,0.1401756508387028,8653.0
SE,sun1,wnd1,0.14,6267841.646287143,0.0327347798197575,7841.0
TEX,sun0.1,wnd0.3,0.02,24322627.47854561,0.0734469676016747,8760.0
CENT,sun1,wnd0.1,0.14,10574554.81251046,0.0408347624058434,8661.0
SE,sun0.5,wnd0.1,0.06,3341682.506064892,0.0174524576778943,5565.0
NW,sun0.5,wnd0.5,0.18,20811081.276699398,0.0840944414523895,8463.0
CAL,sun0.3,wnd0.5,0.14,8205880.225380391,0.0671619738052608,8384.0
NE,sun1,wnd1,0.14,1918925.0324778853,0.0337902812789522,5925.0
TEX,sun0.5,wnd0.3,0.1,32282853.56395781,0.0974844392076098,8562.0
SE,sun0.5,wnd0.1,0.1,3314822.666988611,0.0173121779823029,6760.0
TEN,sun0.5,wnd1,0.06,623219.8549542129,0.006323172941248,4850.0
NW,sun1,wnd0.3,0.06,22511756.48377621,0.0909666135288678,8423.0
CAR,sun0.1,wnd0.3,0.14,896403.955527991,0.00640883125892,7146.0
MIDA,sun0.3,wnd0.1,0.06,4093484.5300160646,0.0074609365718354,8760.0
TEN,sun0.1,wnd0.3,0.18,399473.3899960071,0.0040530469469028,6345.0
CAR,sun1,wnd0.1,0.06,5751432.379513532,0.0411198091999498,5359.0
NY,sun0.3,wnd1,0.18,2213788.504930377,0.0287732020122688,7402.0
NW,sun0.5,wnd0.1,0.06,10171685.12283376,0.0411022458497624,8494.0
CAR,sun0.3,wnd0.3,0.1,1906908.1330051424,0.0136334209318542,6632.0
TEX,sun0.1,wnd0.1,0.14,10697538.628865125,0.0323033263484781,8593.0
SE,sun1,wnd0.5,0.14,6267841.646287143,0.0327347798197575,7841.0
CAR,sun0.5,wnd0.3,0.18,2957274.7546994984,0.0211430067574501,7224.0
CENT,sun1,wnd0.5,0.02,41495212.09983146,0.1602381525387759,8760.0
CENT,sun0.5,wnd0.1,0.02,9403535.299591212,0.0363127466396486,8760.0
CENT,sun0.5,wnd0.1,0.18,9987663.365116447,0.0385684189769926,8641.0
CAL,sun0.1,wnd0.5,0.1,5797826.576952577,0.047452980788625,8435.0
TEN,sun1,wnd0.5,0.1,1128440.9265007377,0.0114491331999854,5519.0
MIDA,sun0.1,wnd0.3,0.1,6678997.710375309,0.0121733886900383,8760.0
MIDW,sun1,wnd0.3,0.18,32653287.952812552,0.0424877368184549,8678.0
SE,sun1,wnd0.1,0.14,6267841.646287143,0.0327347798197575,7841.0
NW,sun0.1,wnd1,0.02,36655439.65239856,0.1481191045662531,8760.0
TEN,sun1,wnd0.5,0.02,1029465.5817201585,0.0104449318463343,2698.0
CENT,sun1,wnd0.5,0.18,36639296.488587946,0.1414865205539132,8657.0
NE,sun1,wnd0.5,0.02,1217989.981006086,0.0214475413872717,1332.0
NW,sun1,wnd0.5,0.1,28080188.008917093,0.1134678056892622,8475.0
NE,sun0.1,wnd1,0.02,1593418.9835816324,0.0280584570731874,1489.0
NE,sun0.3,wnd0.5,0.14,954321.5184460506,0.0168046129958547,5642.0
MIDW,sun0.1,wnd0.3,0.18,27506207.76810372,0.0357904698054845,8675.0
CAR,sun1,wnd0.5,0.06,5751432.379513532,0.0411198091999498,5359.0
TEX,sun0.3,wnd0.3,0.02,28846425.747577548,0.0871074681045575,8760.0
CAL,sun0.5,wnd1,0.06,14961287.38926716,0.1224523834290258,8669.0
CENT,sun0.1,wnd0.3,0.06,25680593.6606662,0.0991683299360907,8724.0
TEX,sun0.3,wnd0.1,0.14,14647385.452675104,0.0442306673380913,8606.0
CENT,sun0.5,wnd1,0.14,72645612.61240432,0.2805287204474019,8664.0
FLA,sun0.1,wnd0.3,0.14,1098376.0028282702,0.0059579713024391,4466.0
SW,sun1,wnd0.1,0.02,5194387.895973101,0.062724730624953,4202.0
MIDW,sun0.5,wnd0.1,0.06,13780880.773039818,0.0179313775769704,8760.0
SE,sun0.1,wnd0.5,0.06,786436.9978212416,0.0041072897846803,5345.0
NW,sun0.3,wnd0.5,0.1,20568973.284428623,0.0831161195617358,8543.0
FLA,sun0.3,wnd1,0.06,2802806.9889210463,0.0152033944325696,3835.0
CAL,sun1,wnd1,0.14,20392133.33032158,0.166901768847224,8509.0
NE,sun0.5,wnd0.1,0.06,424366.9423959106,0.0074726620927605,3311.0
FLA,sun1,wnd0.1,0.1,8886376.063334763,0.0482027770378269,5143.0
TEN,sun1,wnd0.1,0.18,1157367.170734793,0.011742618144951,6563.0
MIDA,sun0.5,wnd0.1,0.06,5301634.1714452505,0.0096629548713778,8760.0
MIDA,sun1,wnd1,0.02,26425744.28246993,0.0481645406277566,8760.0
NY,sun0.1,wnd0.3,0.1,842364.9917264581,0.0109484433680221,7116.0
NY,sun0.1,wnd0.3,0.18,882542.8357613683,0.0114706455658649,7265.0
MIDW,sun1,wnd1,0.18,88154291.51250827,0.114704416370364,8704.0
CENT,sun0.3,wnd0.1,0.02,9285453.391601562,0.035856760856542,8760.0
NW,sun0.3,wnd1,0.1,36578232.82528353,0.1478071234194677,8547.0
CAL,sun0.1,wnd0.1,0.02,2532572.51043047,0.0207281320143288,7422.0
NE,sun0.3,wnd0.1,0.06,340253.8929748312,0.0059915184570976,3291.0
FLA,sun1,wnd0.1,0.18,8351841.792845309,0.045303278290999,6585.0
FLA,sun0.5,wnd1,0.06,4590630.132937521,0.0249011654676786,4047.0
CAL,sun0.5,wnd0.3,0.14,9548279.03780496,0.0781489918216118,8494.0
MIDW,sun0.1,wnd0.3,0.02,29360036.22356284,0.0382026304318794,8760.0
SE,sun1,wnd0.5,0.02,6631922.205102205,0.0346362472788987,3502.0
SW,sun1,wnd1,0.1,11042053.682169914,0.1333381057847677,7803.0
MIDW,sun0.1,wnd0.1,0.1,11455464.63263142,0.0149055974745244,8760.0
MIDW,sun0.1,wnd0.5,0.1,46564043.42507935,0.0605881044845123,8760.0
TEX,sun0.5,wnd0.5,0.1,45277383.50641781,0.1367239835588405,8687.0
CENT,sun0.1,wnd0.1,0.06,10350736.802549362,0.0399704654760003,8714.0
TEN,sun0.3,wnd0.3,0.02,338348.66548101604,0.0034328770325106,2497.0
NY,sun0.3,wnd0.1,0.02,262454.39110292494,0.0034111900018421,2821.0
CAR,sun0.3,wnd0.3,0.02,1765508.6161867976,0.0126224864778135,3166.0
TEX,sun0.3,wnd0.5,0.18,37744341.71539676,0.113976479126796,8633.0
CAR,sun0.1,wnd1,0.06,745881.5871268511,0.0053326730672622,5868.0
NY,sun0.5,wnd0.5,0.14,1272880.922372833,0.0165439742032396,7412.0
CENT,sun1,wnd0.1,0.02,9698755.532069089,0.0374527708075095,8760.0
CENT,sun1,wnd0.3,0.18,23434231.4563016,0.0904937645743251,8641.0
TEX,sun0.1,wnd0.5,0.14,35543024.13299209,0.1073291668124299,8597.0
MIDW,sun0.3,wnd0.1,0.02,11979141.428922534,0.0155869941513583,8760.0
MIDA,sun1,wnd0.3,0.14,11597401.312415125,0.021137853326567,8760.0
CENT,sun0.1,wnd0.5,0.06,40919101.10587648,0.1580134389716654,8666.0
CENT,sun0.1,wnd0.5,0.14,37815658.43421885,0.1460291666893593,8653.0
TEN,sun0.3,wnd1,0.06,432819.5417612046,0.0043913761622837,4795.0
MIDW,sun0.3,wnd0.5,0.06,48848578.32043433,0.0635606908141551,8760.0
NY,sun1,wnd0.3,0.06,792819.5382762849,0.0103044878421277,5911.0
TEX,sun1,wnd0.1,0.06,30594964.71585548,0.0923875261520137,8760.0
SW,sun0.1,wnd0.5,0.02,4075883.0027973503,0.0492182464092613,3787.0
TEN,sun0.1,wnd0.1,0.1,300133.943552196,0.0030451514269531,5351.0
SE,sun0.3,wnd0.3,0.02,2019738.648731649,0.0105483998624709,2977.0
NW,sun0.3,wnd0.5,0.06,21319430.917910725,0.0861486057013204,8391.0
CAL,sun0.5,wnd0.5,0.1,11224969.16639802,0.0918720556981487,8498.0
TEN,sun0.3,wnd1,0.1,490737.9652463496,0.004979015027236,5412.0
MIDA,sun0.1,wnd0.3,0.14,6576255.6203068495,0.011986127149989,8760.0
FLA,sun1,wnd1,0.18,8351841.792845309,0.045303278290999,6585.0
SW,sun0.5,wnd1,0.06,9252005.607369408,0.1117224148609879,6823.0
SW,sun1,wnd0.5,0.02,8062545.514443755,0.0973591125023533,4788.0
MIDW,sun0.1,wnd0.1,0.18,11580933.440786242,0.0150688547154954,8674.0
MIDW,sun0.5,wnd0.3,0.06,31962661.841021776,0.0415891093809936,8760.0
TEX,sun0.3,wnd1,0.02,78459777.26572353,0.2369247616834691,8760.0
CENT,sun0.3,wnd0.5,0.14,37917367.58071488,0.1464219273213959,8654.0
NE,sun0.3,wnd0.5,0.02,913245.3044565842,0.0160813034339453,1214.0
CAL,sun0.5,wnd0.5,0.02,11227694.680792809,0.0918943629852844,7283.0
NW,sun0.3,wnd0.3,0.14,13608912.739126086,0.0549915643668382,8520.0
SE,sun0.1,wnd1,0.1,844943.9460663497,0.0044128514400014,6607.0
MIDW,sun0.3,wnd0.3,0.06,30642718.1684767,0.0398716278380837,8760.0
SW,sun1,wnd0.3,0.14,6192613.7365965545,0.0747787874666675,7791.0
SW,sun1,wnd0.5,0.18,7130710.797827065,0.0861067603951737,7860.0
CAR,sun0.5,wnd0.3,0.14,2983706.463586718,0.0213319800000361,7179.0
NY,sun0.1,wnd0.5,0.1,1261034.2316466123,0.0163899995915352,7190.0
NE,sun0.5,wnd1,0.06,1765741.730092518,0.0310928820646866,4078.0
MIDW,sun1,wnd1,0.14,92212320.52027915,0.1199846340541999,8736.0
FLA,sun1,wnd0.3,0.18,8351841.792845309,0.045303278290999,6585.0
MIDA,sun0.5,wnd0.3,0.18,8584054.556099176,0.0156456158811915,8760.0
MIDA,sun1,wnd0.5,0.18,14673192.949881196,0.0267439051259679,8760.0
TEN,sun1,wnd0.3,0.18,1158837.152220726,0.0117575325400591,6563.0
SE,sun0.5,wnd0.3,0.02,3336830.920941025,0.0174271195184817,3187.0
TEN,sun0.3,wnd0.3,0.1,485066.8964084387,0.0049214765057354,5409.0
TEX,sun0.3,wnd1,0.18,67373992.73250094,0.2034490503044683,8613.0
NE,sun0.1,wnd0.1,0.06,255972.83764465156,0.0045074164114767,3251.0
SW,sun1,wnd0.5,0.1,7742389.238673791,0.0934930715832438,7955.0
CENT,sun0.3,wnd0.3,0.02,25182332.803606156,0.0972442429106864,8760.0
MIDA,sun0.1,wnd1,0.1,19715327.41577041,0.0359338862192926,8760.0
TEX,sun0.1,wnd0.5,0.1,37048614.82334799,0.111875594650191,8593.0
NY,sun0.1,wnd0.1,0.18,504839.7120725513,0.0065615369250171,7841.0
NY,sun1,wnd0.3,0.02,711721.2144821286,0.009250431211068,3043.0
TEX,sun0.3,wnd0.3,0.1,28142086.49990565,0.0849805769226744,8608.0
NE,sun1,wnd1,0.18,1872977.5267483965,0.0329811933175216,6311.0
MIDW,sun0.5,wnd0.1,0.18,13873846.365338445,0.0180523423516192,8670.0
NY,sun0.5,wnd0.5,0.18,1263101.559312448,0.0164168692028021,7315.0
MIDA,sun1,wnd1,0.18,23222209.70835221,0.0423256598190192,8760.0
FLA,sun0.5,wnd0.5,0.06,4590630.132937521,0.0249011654676786,4047.0
NE,sun1,wnd1,0.06,1976403.603714779,0.0348024193545595,4133.0
SW,sun0.5,wnd0.3,0.1,4332736.290035427,0.0523198733140659,7423.0
TEN,sun0.5,wnd1,0.02,541345.1987166852,0.0054924747425632,2557.0
CAR,sun0.1,wnd0.5,0.1,831508.9928877056,0.0059448653621268,7125.0
SE,sun1,wnd0.3,0.02,6631922.205102205,0.0346362472788987,3502.0
FLA,sun0.3,wnd0.3,0.02,2794943.4090893567,0.0151607396560168,2748.0
SE,sun0.3,wnd0.3,0.06,2062760.4520910385,0.0107730879353186,5454.0
CAL,sun0.5,wnd0.3,0.18,9166064.783339396,0.0750207151417966,8609.0
FLA,sun1,wnd0.3,0.06,9077504.203707663,0.0492395221710947,4467.0
NE,sun0.5,wnd0.5,0.18,1025861.1378182472,0.0180643515579465,6068.0
CENT,sun0.3,wnd0.3,0.06,25792487.20769775,0.0996004187085065,8717.0
CAR,sun0.5,wnd1,0.06,2964220.3325189054,0.0211926640977215,5314.0
CAR,sun0.1,wnd0.3,0.18,950386.9911698104,0.0067947824410173,7163.0
SE,sun0.1,wnd0.5,0.18,922612.3542285264,0.0048184868059883,7800.0
NY,sun0.3,wnd0.5,0.02,1161081.7318435758,0.0150908901860708,3245.0
CENT,sun0.1,wnd1,0.14,72442383.59877479,0.2797439301056167,8669.0
MIDA,sun0.5,wnd0.3,0.02,9275773.943824887,0.0169063692661103,8760.0
NW,sun0.5,wnd0.3,0.06,16863377.26193306,0.0681423647809662,8541.0
CAL,sun0.3,wnd0.3,0.18,6696887.556930378,0.0548114491464546,8493.0
NE,sun1,wnd0.5,0.18,1211893.023680881,0.0213401802869277,6085.0
CENT,sun0.5,wnd0.1,0.06,10575665.08321178,0.0408390498336452,8760.0
SW,sun0.5,wnd0.5,0.18,5248506.264292315,0.0633782359354278,8060.0
SE,sun0.3,wnd1,0.14,2077481.3508971331,0.0108499701235359,7736.0
NE,sun0.5,wnd0.1,0.18,496066.6482289657,0.0087352196115337,5872.0
NW,sun0.5,wnd1,0.14,37045118.1424959,0.1496937365872926,8468.0
NW,sun0.5,wnd0.1,0.1,9942919.1547606,0.0401778370671218,8699.0
SE,sun0.5,wnd0.1,0.14,3269448.9025209844,0.0170752064260222,7763.0
FLA,sun0.5,wnd0.5,0.14,4443409.3589077,0.0241025890744089,5035.0
TEX,sun0.5,wnd0.5,0.14,43392684.55898237,0.1310327636175203,8600.0
TEX,sun1,wnd0.3,0.18,39128056.11739379,0.11815487749034,8596.0
NW,sun0.1,wnd0.1,0.06,5673940.789778978,0.022927539189644,8760.0
MIDA,sun0.1,wnd1,0.18,18430420.69740075,0.0335919676273971,8760.0
SE,sun1,wnd0.1,0.1,6423855.860188603,0.033549588366148,7698.0
SW,sun0.3,wnd0.1,0.18,2091271.2544308605,0.0252531056064517,7673.0
MIDA,sun0.3,wnd0.1,0.1,4120864.155645132,0.0075108396919477,8760.0
NE,sun0.1,wnd0.1,0.18,346882.72990923375,0.0061082454061836,5856.0
CENT,sun1,wnd0.3,0.1,25403406.29247722,0.0980979415819156,8640.0
MIDA,sun0.3,wnd0.1,0.14,4120872.9476213455,0.0075108557165293,8760.0
MIDW,sun0.3,wnd1,0.06,94452824.78820492,0.1228999287042768,8760.0
SW,sun1,wnd1,0.06,11417283.097270444,0.1378691813332429,7867.0
NE,sun0.3,wnd0.5,0.1,949541.440722391,0.0167204407806384,4934.0
TEX,sun1,wnd0.1,0.1,29761432.29562366,0.0898705107219286,8572.0
FLA,sun1,wnd0.3,0.02,9227032.92973858,0.050050617694202,3441.0
TEN,sun0.5,wnd1,0.18,741840.2132810056,0.0075266921072224,6460.0
MIDW,sun0.5,wnd1,0.18,85311199.34491086,0.1110050476592544,8711.0
MIDA,sun0.5,wnd0.1,0.18,5169398.598075151,0.0094219374159018,8760.0
CAL,sun0.1,wnd1,0.02,9021525.833456144,0.0738377194241801,8760.0
SE,sun0.1,wnd1,0.14,889909.3346658945,0.0046476901896669,7705.0
FLA,sun0.1,wnd1,0.02,959828.0630779266,0.0052064393617202,2386.0
NY,sun1,wnd0.3,0.18,882542.8357613683,0.0114706455658649,7265.0
MIDA,sun0.1,wnd0.3,0.06,6750642.911499381,0.0123039718881287,8760.0
CAR,sun0.3,wnd0.5,0.02,1765508.6161867976,0.0126224864778135,3166.0
TEN,sun1,wnd0.1,0.02,1025978.1325255632,0.0104095482747007,2697.0
TEX,sun0.3,wnd1,0.14,70539602.26396167,0.2130082322185866,8626.0
SE,sun1,wnd1,0.06,6548449.158931047,0.0342002962862766,5759.0
NW,sun0.5,wnd1,0.1,38706544.58670864,0.1564073103311389,8635.0
SW,sun0.5,wnd0.5,0.06,5783799.632952258,0.0698421606609086,6409.0
NY,sun0.5,wnd0.3,0.18,882542.8357613683,0.0114706455658649,7265.0
NY,sun0.3,wnd0.5,0.18,1263101.559312448,0.0164168692028021,7315.0
MIDW,sun1,wnd0.5,0.02,54315225.0709151,0.0706737707817693,8760.0
NY,sun0.1,wnd1,0.1,2309055.495016277,0.0300114125932424,7269.0
NY,sun0.1,wnd0.3,0.06,792819.5382762849,0.0103044878421277,5911.0
CENT,sun0.1,wnd0.3,0.18,22997944.125015616,0.0888089948767237,8684.0
TEN,sun0.5,wnd0.3,0.06,617389.414842099,0.0062640174428161,4852.0
SE,sun1,wnd0.3,0.18,6074018.494055688,0.0317225082005429,7948.0
SW,sun0.5,wnd1,0.02,9436317.718979642,0.1139480722017942,5116.0
CENT,sun0.5,wnd0.5,0.06,41142457.47789353,0.1588759532377371,8702.0
FLA,sun0.5,wnd0.1,0.02,4631068.623568028,0.0251205178261333,3013.0
FLA,sun0.3,wnd0.5,0.06,2802806.9889210463,0.0152033944325696,3835.0
SW,sun1,wnd0.3,0.1,6422341.250721559,0.0775528576226144,7871.0
FLA,sun0.3,wnd0.3,0.14,2767816.5058658123,0.0150135939513458,4761.0
NY,sun1,wnd0.5,0.14,1272880.922372833,0.0165439742032396,7412.0
CENT,sun0.5,wnd0.1,0.14,10319913.46933508,0.0398514379130743,8643.0
NW,sun0.3,wnd1,0.14,35011375.61051312,0.1414756896722317,8465.0
CAL,sun0.5,wnd0.1,0.1,8613156.885527506,0.0704953766370121,8486.0
SW,sun0.3,wnd1,0.02,8551193.966514379,0.1032597774392541,4933.0
SW,sun0.1,wnd0.3,0.02,2641211.981214136,0.0318939042218022,3414.0
CENT,sun0.1,wnd1,0.1,75666162.02859479,0.2921928916519734,8697.0
SW,sun0.1,wnd0.1,0.02,1207171.166124493,0.0145771720806738,2988.0
NE,sun0.5,wnd0.1,0.14,479106.42934188247,0.008436567732462,5443.0
MIDA,sun0.5,wnd0.3,0.1,9001459.304954648,0.0164063932416916,8760.0
MIDW,sun0.5,wnd1,0.06,95767899.74206495,0.1246110751780068,8760.0
MIDA,sun0.3,wnd1,0.18,19492568.764341354,0.0355278780477817,8760.0
CENT,sun1,wnd0.1,0.1,10893294.097740114,0.0420656078846869,8703.0
SW,sun1,wnd1,0.02,11653129.40046677,0.1407171388083381,5528.0
FLA,sun0.1,wnd1,0.18,1125210.3789272606,0.0061035302388188,4759.0
TEX,sun0.3,wnd1,0.1,73703359.59853733,0.2225618210591469,8681.0
SW,sun0.3,wnd1,0.06,8391561.201772198,0.1013321350744757,6767.0
CAL,sun1,wnd1,0.02,22141431.607277334,0.1812191024942727,8255.0
CENT,sun1,wnd1,0.02,81251714.23149511,0.3137620925455211,8760.0
NE,sun0.5,wnd0.3,0.02,693621.729257442,0.0122139598661326,1131.0
SW,sun0.3,wnd1,0.18,7502434.909251645,0.0905955077168711,7595.0
CAR,sun0.5,wnd0.5,0.02,2903797.439291716,0.0207606712171895,3340.0
CAR,sun0.5,wnd1,0.14,2983706.463586718,0.0213319800000361,7179.0
NW,sun0.1,wnd0.3,0.14,11567197.293283671,0.0467413001090617,8526.0
NY,sun0.1,wnd0.5,0.02,1161081.7318435758,0.0150908901860708,3245.0
FLA,sun0.5,wnd1,0.02,4631068.623568028,0.0251205178261333,3013.0
CAR,sun1,wnd0.5,0.02,5752425.663507089,0.0411269106740873,3638.0
NY,sun0.5,wnd0.1,0.02,262454.39110292494,0.0034111900018421,2821.0
MIDW,sun0.3,wnd0.5,0.1,47823868.23667538,0.0622273606938657,8760.0
FLA,sun0.1,wnd0.3,0.18,1125210.3789272606,0.0061035302388188,4759.0
SW,sun0.1,wnd1,0.1,7327651.040055335,0.0884849084831434,8002.0
NY,sun1,wnd0.1,0.02,262454.39110292494,0.0034111900018421,2821.0
TEN,sun0.3,wnd0.1,0.06,425251.8510684818,0.0043145945632451,4794.0
SE,sun0.5,wnd0.3,0.18,3207648.8691735268,0.016752446120538,7869.0
TEN,sun0.1,wnd0.5,0.14,356963.5743519068,0.0036217434287599,6068.0
CAR,sun1,wnd0.1,0.14,5599760.864227861,0.0400354351939493,7274.0
CAR,sun0.5,wnd0.1,0.14,2983706.463586718,0.0213319800000361,7179.0
CAL,sun0.3,wnd0.5,0.06,8642341.935520679,0.0707342450471412,8760.0
NW,sun1,wnd0.1,0.06,15831688.310425818,0.0639734652905423,8518.0
MIDW,sun0.5,wnd0.5,0.1,49084615.73354483,0.0638678174809104,8760.0
NW,sun0.5,wnd0.5,0.1,22706908.17720303,0.0917551920961712,8455.0
CAL,sun0.5,wnd0.3,0.06,10147981.500059068,0.0830573258399765,8760.0
CAR,sun0.3,wnd1,0.02,1765508.6161867976,0.0126224864778135,3166.0
MIDA,sun1,wnd1,0.1,24941240.320542216,0.0454588287044877,8760.0
MIDA,sun0.3,wnd0.3,0.02,8024316.896378756,0.0146254172837815,8760.0
SE,sun0.1,wnd0.1,0.1,844943.9460663497,0.0044128514400014,6607.0
TEN,sun0.3,wnd0.1,0.02,336601.4513501376,0.0034151498419741,2496.0
TEN,sun1,wnd1,0.06,1099825.6919349432,0.0111588037512755,4977.0
CENT,sun0.1,wnd0.1,0.18,9793645.31936428,0.0378191977623687,8647.0
TEX,sun1,wnd1,0.06,91762672.19062136,0.2770954748771523,8692.0
SE,sun0.3,wnd1,0.02,2019738.648731649,0.0105483998624709,2977.0
NY,sun0.1,wnd0.5,0.18,1263101.559312448,0.0164168692028021,7315.0
SW,sun0.5,wnd0.1,0.18,2847393.339889586,0.0343836432327895,7733.0
SW,sun0.1,wnd0.1,0.18,1337151.0062018484,0.0161467411268837,7880.0
TEN,sun1,wnd1,0.02,1033810.161186561,0.0104890118401032,2698.0
TEN,sun0.5,wnd0.3,0.02,535221.341863051,0.0054303422452668,2553.0
TEX,sun0.3,wnd0.3,0.06,28881459.29571193,0.0872132588081756,8760.0
NY,sun1,wnd1,0.1,2309055.495016277,0.0300114125932424,7269.0
NY,sun1,wnd0.3,0.1,842364.9917264581,0.0109484433680221,7116.0
SW,sun0.3,wnd0.5,0.02,4960430.852490276,0.0598995868690068,4064.0
CAR,sun0.5,wnd1,0.1,2989155.443962246,0.0213709374316099,7148.0
